"queue","id","status","eventName","aggregateType","aggregateId","consumerName","retryCount","attemptCount","createdAt","lastError"
"inbox","b18275b5-4592-4136-a40e-268d74d0c234","SKIPPED","HrServiceCaseOpened","HrServiceCase","cfb07c0a-bd8e-431c-850a-2de4829cea0d","reporting-warehouse-export","1","","2026-06-03T11:37:44.665Z","Retryable inbox event has no matching outbox event and cannot be replayed."
"inbox","82e48be0-7499-4724-bb94-bce39dc82c5a","SKIPPED","AbsenceRequestApproved","AbsenceRequest","8ddf2c75-3a64-4015-82fa-82ef89dc1cef","platform-notifications","0","","2026-06-03T11:34:56.976Z","Legacy inbox event has no matching outbox event and cannot be replayed."
"inbox","df0c551b-c4c9-4b15-94bf-80515c5a8328","SKIPPED","AbsenceRequestRejected","AbsenceRequest","2ca6b839-9d18-4caf-8aaa-d9d2cd9a4f36","platform-notifications","0","","2026-06-03T11:34:56.936Z","Legacy inbox event has no matching outbox event and cannot be replayed."
"inbox","088b48a2-4484-4085-b8e3-1234de3d7480","SKIPPED","AbsenceRequestApproved","AbsenceRequest","94e083f1-8dd2-4b08-9b70-c4e918effae4","platform-notifications","0","","2026-06-03T11:34:56.902Z","Legacy inbox event has no matching outbox event and cannot be replayed."
"inbox","41f8fc35-5f38-4abe-ae47-e3f14eae3f8b","SKIPPED","AbsenceRequestRejected","AbsenceRequest","9588f653-e8be-497d-9e95-d3adf07cdf7a","platform-notifications","0","","2026-06-03T11:34:56.860Z","Legacy inbox event has no matching outbox event and cannot be replayed."
"inbox","eb5c85bb-9500-4a0b-9da7-0264b4c0f893","SKIPPED","AbsenceRequestApproved","AbsenceRequest","8ddf2c75-3a64-4015-82fa-82ef89dc1cef","reporting-warehouse-export","0","","2026-06-03T11:34:45.736Z","Stale inbox event has no matching outbox event and cannot be replayed."
"inbox","4a4b2b49-191f-4493-87ee-7affa4388278","SKIPPED","AbsenceRequestRejected","AbsenceRequest","2ca6b839-9d18-4caf-8aaa-d9d2cd9a4f36","reporting-warehouse-export","0","","2026-06-03T11:34:41.669Z","Stale inbox event has no matching outbox event and cannot be replayed."
"inbox","d7e720b0-a8cf-4a4f-b394-bcb8fb50674f","SKIPPED","AbsenceRequestApproved","AbsenceRequest","94e083f1-8dd2-4b08-9b70-c4e918effae4","reporting-warehouse-export","0","","2026-06-03T11:34:26.592Z","Stale inbox event has no matching outbox event and cannot be replayed."
"inbox","399c2dfc-185f-4faf-a54a-279bcf8f065c","SKIPPED","AbsenceRequestRejected","AbsenceRequest","9588f653-e8be-497d-9e95-d3adf07cdf7a","reporting-warehouse-export","0","","2026-06-03T11:34:24.693Z","Stale inbox event has no matching outbox event and cannot be replayed."
"inbox","4f045c7a-d78e-4109-84ce-5131a679a334","SKIPPED","HrServiceCaseOpened","HrServiceCase","382f3157-ea00-4aa6-8776-4ec542062952","reporting-warehouse-export","0","","2026-06-03T11:22:14.837Z","Stale inbox event has no matching outbox event and cannot be replayed."
"inbox","2c46d592-5733-4b13-b48a-7a2957f7b72f","SKIPPED","HrServiceCaseOpened","HrServiceCase","382f3157-ea00-4aa6-8776-4ec542062952","iam-provisioning-saga","0","","2026-06-03T11:22:14.835Z","Stale inbox event has no matching outbox event and cannot be replayed."
"inbox","fd0a84b7-c345-4a38-bb40-491843e2e3a2","SKIPPED","HrServiceCaseOpened","HrServiceCase","382f3157-ea00-4aa6-8776-4ec542062952","platform-notifications","0","","2026-06-03T11:22:14.834Z","Legacy inbox event has no matching outbox event and cannot be replayed."
"inbox","fbcb5095-a6c8-451c-a8f9-43b330d10dff","SKIPPED","AbsenceRequestSubmitted","AbsenceRequest","9588f653-e8be-497d-9e95-d3adf07cdf7a","platform-notifications","0","","2026-06-03T11:21:16.733Z","Legacy inbox event has no matching outbox event and cannot be replayed."
"inbox","6acdd751-2c67-4bfc-bf72-d65bc9ed3669","SKIPPED","AbsenceRequestSubmitted","AbsenceRequest","9588f653-e8be-497d-9e95-d3adf07cdf7a","reporting-warehouse-export","0","","2026-06-03T11:21:16.731Z","Stale inbox event has no matching outbox event and cannot be replayed."
"inbox","d5253205-9490-43d2-b4a0-61dec058bd91","SKIPPED","AbsenceRequestSubmitted","AbsenceRequest","94e083f1-8dd2-4b08-9b70-c4e918effae4","platform-notifications","0","","2026-06-03T11:16:23.077Z","Legacy inbox event has no matching outbox event and cannot be replayed."
"inbox","e8096775-d597-40be-934b-a1c3f3a9d8e9","SKIPPED","AbsenceRequestSubmitted","AbsenceRequest","94e083f1-8dd2-4b08-9b70-c4e918effae4","reporting-warehouse-export","0","","2026-06-03T11:16:23.074Z","Stale inbox event has no matching outbox event and cannot be replayed."
"inbox","d84c8d88-6bcd-4cf3-b89a-56e34c46d85f","SKIPPED","TimeClockEventRecorded","TimeClockEvent","10fbb307-fc85-4cec-be87-67d96fde1eda","reporting-warehouse-export","0","","2026-06-03T02:25:14.128Z","Stale inbox event has no matching outbox event and cannot be replayed."
"inbox","83fafe1a-7556-4347-8e81-e74aa58e0e9d","SKIPPED","TimeClockEventRecorded","TimeClockEvent","10fbb307-fc85-4cec-be87-67d96fde1eda","platform-notifications","0","","2026-06-03T02:25:14.111Z","Legacy inbox event has no matching outbox event and cannot be replayed."
"inbox","13ad580f-677d-4f71-a476-ebdf433e90fa","SKIPPED","TimeClockEventRecorded","TimeClockEvent","c9a3e81d-fd79-43ca-ab60-660cf4e10d82","platform-notifications","0","","2026-06-03T02:24:23.378Z","Legacy inbox event has no matching outbox event and cannot be replayed."
"inbox","ee3f9dfe-5a96-45a4-93ad-e5407ba68e41","SKIPPED","TimeClockEventRecorded","TimeClockEvent","c9a3e81d-fd79-43ca-ab60-660cf4e10d82","reporting-warehouse-export","0","","2026-06-03T02:24:23.378Z","Stale inbox event has no matching outbox event and cannot be replayed."
"inbox","22f895fd-8837-4248-b137-001c88cd83f6","SKIPPED","TimeClockEventRecorded","TimeClockEvent","587ee121-9fcb-42b9-9b64-f784ed6679e9","platform-notifications","0","","2026-06-03T01:10:13.787Z","Legacy inbox event has no matching outbox event and cannot be replayed."
"inbox","d8056188-42cc-4e6d-86fe-caaafe40b200","SKIPPED","TimeClockEventRecorded","TimeClockEvent","587ee121-9fcb-42b9-9b64-f784ed6679e9","reporting-warehouse-export","0","","2026-06-03T01:10:13.786Z","Stale inbox event has no matching outbox event and cannot be replayed."
"inbox","74b623ed-a1bf-4d02-815c-115bf83f22e7","SKIPPED","TimeClockEventRecorded","TimeClockEvent","2ff4f789-2d6f-4127-979f-32f5ae378d89","reporting-warehouse-export","0","","2026-06-03T01:08:09.922Z","Stale inbox event has no matching outbox event and cannot be replayed."
"inbox","e188ac6a-a1a8-437d-a31a-83dcc3b42dd3","SKIPPED","TimeClockEventRecorded","TimeClockEvent","2ff4f789-2d6f-4127-979f-32f5ae378d89","platform-notifications","0","","2026-06-03T01:08:09.921Z","Legacy inbox event has no matching outbox event and cannot be replayed."
"inbox","af79de29-5690-4cec-b4f0-681f38ee40c7","SKIPPED","TimeClockEventRecorded","TimeClockEvent","67278ee5-bba7-4c0a-b4b3-476365ae2bbf","reporting-warehouse-export","0","","2026-06-03T01:01:29.427Z","Stale inbox event has no matching outbox event and cannot be replayed."
"inbox","7c238945-6c70-40ac-86af-23d1e3aba701","SKIPPED","TimeClockEventRecorded","TimeClockEvent","67278ee5-bba7-4c0a-b4b3-476365ae2bbf","platform-notifications","0","","2026-06-03T01:01:29.406Z","Legacy inbox event has no matching outbox event and cannot be replayed."
"inbox","16fe1f78-7fc2-40e4-8c24-cfbf90d44b20","SKIPPED","TimeClockEventRecorded","TimeClockEvent","ac10b7a1-bf18-4311-998d-dafb354eb103","platform-notifications","0","","2026-06-03T01:00:51.179Z","Legacy inbox event has no matching outbox event and cannot be replayed."
"inbox","29d8c5c7-a578-4df8-b04a-f13150f43d79","SKIPPED","TimeClockEventRecorded","TimeClockEvent","ac10b7a1-bf18-4311-998d-dafb354eb103","reporting-warehouse-export","0","","2026-06-03T01:00:51.178Z","Stale inbox event has no matching outbox event and cannot be replayed."
"inbox","001315fd-3cea-41eb-b834-01728a3643db","SKIPPED","AbsenceRequestSubmitted","AbsenceRequest","2ca6b839-9d18-4caf-8aaa-d9d2cd9a4f36","platform-notifications","0","","2026-06-02T21:52:02.403Z","Legacy inbox event has no matching outbox event and cannot be replayed."
"inbox","1d27d6e0-0e02-4da0-a28d-a7e5523bfba1","SKIPPED","AbsenceRequestSubmitted","AbsenceRequest","2ca6b839-9d18-4caf-8aaa-d9d2cd9a4f36","reporting-warehouse-export","0","","2026-06-02T21:52:02.402Z","Stale inbox event has no matching outbox event and cannot be replayed."
"inbox","fe1e33c2-f8c4-43e0-aead-d43a45e1c0c5","SKIPPED","HrServiceCaseOpened","HrServiceCase","10c4f656-0483-48b1-8326-e5818d3ec255","reporting-warehouse-export","0","","2026-06-02T20:44:24.029Z","Stale inbox event has no matching outbox event and cannot be replayed."
"inbox","51efb4c1-3a92-49ff-9a2f-567b072272a0","SKIPPED","HrServiceCaseOpened","HrServiceCase","10c4f656-0483-48b1-8326-e5818d3ec255","iam-provisioning-saga","0","","2026-06-02T20:44:24.026Z","Stale inbox event has no matching outbox event and cannot be replayed."
"inbox","4241f700-cdef-4e36-849e-f7bea79f8f34","SKIPPED","CompensationPlanActivated","CompensationPlan","af85c3ad-6451-477d-b7d8-3eb6c81b053d","reporting-warehouse-export","0","","2026-06-02T20:35:12.554Z","Stale inbox event has no matching outbox event and cannot be replayed."
"inbox","f4ce205c-90e3-4bf7-b916-2e0399abde1e","SKIPPED","CompensationPlanCreated","CompensationPlan","af85c3ad-6451-477d-b7d8-3eb6c81b053d","reporting-warehouse-export","0","","2026-06-02T20:35:12.500Z","Stale inbox event has no matching outbox event and cannot be replayed."
"inbox","4a92339e-6864-41fb-af38-596c803792dd","SKIPPED","CompensationPlanCreated","CompensationPlan","f04bb03c-2cef-4d78-8f2c-376cee6d1f33","reporting-warehouse-export","0","","2026-06-02T20:34:40.515Z","Stale inbox event has no matching outbox event and cannot be replayed."
"inbox","307b57f0-691e-475c-bb0c-166f9dc15689","SKIPPED","CompensationPlanActivated","CompensationPlan","077ff0c4-bda7-4c6c-8118-281d82373531","reporting-warehouse-export","0","","2026-06-02T20:28:17.786Z","Stale inbox event has no matching outbox event and cannot be replayed."
"inbox","a2e3833d-9a2f-4c28-b690-9e5f093924ff","SKIPPED","CompensationPlanCreated","CompensationPlan","077ff0c4-bda7-4c6c-8118-281d82373531","reporting-warehouse-export","0","","2026-06-02T20:28:17.184Z","Stale inbox event has no matching outbox event and cannot be replayed."
"inbox","19ba253f-6b0e-4c34-a341-6eea70551391","SKIPPED","CompensationPlanActivated","CompensationPlan","b368d11a-6105-44e6-aa4c-3a2681edbc24","reporting-warehouse-export","0","","2026-06-02T20:24:09.475Z","Stale inbox event has no matching outbox event and cannot be replayed."
"inbox","a0af21d9-abc2-4e3c-b2dd-2ca83f73bbad","SKIPPED","CompensationPlanCreated","CompensationPlan","b368d11a-6105-44e6-aa4c-3a2681edbc24","reporting-warehouse-export","0","","2026-06-02T20:24:09.303Z","Stale inbox event has no matching outbox event and cannot be replayed."
"inbox","c4d4cd05-7263-4242-9071-ccd88c86fce5","SKIPPED","CompensationPlanCreated","CompensationPlan","d8d0f2e0-6798-4638-86d4-1c762d9a4314","reporting-warehouse-export","0","","2026-06-02T20:23:23.601Z","Stale inbox event has no matching outbox event and cannot be replayed."
"inbox","2febaa0b-cb3d-4272-9e02-422380b5946a","SKIPPED","HrServiceCaseOpened","HrServiceCase","3318c597-ec75-4e00-bcd8-03045746e424","reporting-warehouse-export","0","","2026-06-01T23:29:37.271Z","Stale inbox event has no matching outbox event and cannot be replayed."
"inbox","886198fe-0c93-476f-98ae-148b10995da9","SKIPPED","HrServiceCaseOpened","HrServiceCase","3318c597-ec75-4e00-bcd8-03045746e424","iam-provisioning-saga","0","","2026-06-01T23:29:37.270Z","Stale inbox event has no matching outbox event and cannot be replayed."
"inbox","703cda92-33b2-4818-b0b3-b160aeb82243","SKIPPED","HrServiceCaseOpened","HrServiceCase","e765b937-b04c-47a6-81c4-518df7e94e9d","reporting-warehouse-export","0","","2026-06-01T23:27:43.518Z","Stale inbox event has no matching outbox event and cannot be replayed."
"inbox","b08355ee-f9fa-43e2-8439-491fd543d0dc","SKIPPED","HrServiceCaseOpened","HrServiceCase","e765b937-b04c-47a6-81c4-518df7e94e9d","iam-provisioning-saga","0","","2026-06-01T23:27:43.482Z","Stale inbox event has no matching outbox event and cannot be replayed."
"inbox","5e24a4d4-e0c9-47f9-9426-ea6800b3ef47","SKIPPED","HrServiceCaseOpened","HrServiceCase","2ad582f8-d99b-43f1-a05d-90ab366e8584","iam-provisioning-saga","0","","2026-06-01T23:22:43.984Z","Stale inbox event has no matching outbox event and cannot be replayed."
"inbox","a28487d7-f64a-4baf-9286-8327cbe50251","SKIPPED","HrServiceCaseOpened","HrServiceCase","2ad582f8-d99b-43f1-a05d-90ab366e8584","reporting-warehouse-export","0","","2026-06-01T23:22:43.984Z","Stale inbox event has no matching outbox event and cannot be replayed."
"outbox","f7e424cb-4f28-493b-835b-32f04220d6d2","OPERATOR_SKIPPED","PerformanceFeedback360CycleActivatePerformanceFeedback360Cycleed","PerformanceFeedback360Cycle","c0d48e9f-2532-417a-be61-bcba85e5c79b","","","5","2026-05-31T17:27:31.225Z","{""action"":""SKIP"",""reason"":""Legacy malformed command-bus fallback event exported before cleanup; not a canonical domain fact for replay"",""actedAt"":""2026-06-03T14:33:46.251Z"",""actorId"":""00000000-0000-0000-0000-000000000010"",""actorName"":""hr.admin@example.com""}"
"outbox","ae2f9092-32f2-44c3-9e2a-f6d34f9009bb","OPERATOR_SKIPPED","PerformanceFeedback360CycleCreatePerformanceFeedback360Cycleed","PerformanceFeedback360Cycle","c0d48e9f-2532-417a-be61-bcba85e5c79b","","","5","2026-05-31T17:27:30.958Z","{""action"":""SKIP"",""reason"":""Legacy malformed command-bus fallback event exported before cleanup; not a canonical domain fact for replay"",""actedAt"":""2026-06-03T14:33:46.293Z"",""actorId"":""00000000-0000-0000-0000-000000000010"",""actorName"":""hr.admin@example.com""}"
"outbox","546d28a6-82be-46f5-8061-7e2fc1f2ffb6","OPERATOR_SKIPPED","PerformanceReviewCycleCreatePerformanceReviewCycleed","PerformanceReviewCycle","f5ddd58a-1579-4787-bebd-4b4705211223","","","5","2026-05-29T22:45:46.368Z","{""action"":""SKIP"",""reason"":""Legacy malformed command-bus fallback event exported before cleanup; not a canonical domain fact for replay"",""actedAt"":""2026-06-03T14:33:46.315Z"",""actorId"":""00000000-0000-0000-0000-000000000010"",""actorName"":""hr.admin@example.com""}"
"outbox","871c8768-1134-4dad-bad5-3c18c2ea5944","OPERATOR_SKIPPED","PerformanceReviewCycleCreatePerformanceReviewCycleed","PerformanceReviewCycle","4946997c-f8e9-4a03-b3f1-a3d5eec16714","","","5","2026-05-29T21:29:33.010Z","{""action"":""SKIP"",""reason"":""Legacy malformed command-bus fallback event exported before cleanup; not a canonical domain fact for replay"",""actedAt"":""2026-06-03T14:33:46.338Z"",""actorId"":""00000000-0000-0000-0000-000000000010"",""actorName"":""hr.admin@example.com""}"
"outbox","c2238100-9112-4477-bcac-b13d982ddfc8","OPERATOR_SKIPPED","ReviewTemplateCreateReviewTemplateed","ReviewTemplate","ec78ad11-b51d-486f-92a4-408ac8271ef6","","","5","2026-05-29T21:29:32.978Z","{""action"":""SKIP"",""reason"":""Legacy malformed command-bus fallback event exported before cleanup; not a canonical domain fact for replay"",""actedAt"":""2026-06-03T14:33:46.357Z"",""actorId"":""00000000-0000-0000-0000-000000000010"",""actorName"":""hr.admin@example.com""}"
"outbox","d7981771-ed96-4e95-b905-d519575d648c","OPERATOR_SKIPPED","PerformanceReviewCycleCreatePerformanceReviewCycleed","PerformanceReviewCycle","276b3fe5-127c-4baf-99d4-32a522cbe187","","","5","2026-05-29T21:27:09.315Z","{""action"":""SKIP"",""reason"":""Legacy malformed command-bus fallback event exported before cleanup; not a canonical domain fact for replay"",""actedAt"":""2026-06-03T14:33:46.380Z"",""actorId"":""00000000-0000-0000-0000-000000000010"",""actorName"":""hr.admin@example.com""}"
"outbox","83e0a2f5-3706-4a16-9daf-09e0d5222b3c","OPERATOR_SKIPPED","ReviewTemplateCreateReviewTemplateed","ReviewTemplate","27870aef-3a10-4e23-9054-90819cafd70c","","","5","2026-05-29T21:27:09.285Z","{""action"":""SKIP"",""reason"":""Legacy malformed command-bus fallback event exported before cleanup; not a canonical domain fact for replay"",""actedAt"":""2026-06-03T14:33:46.408Z"",""actorId"":""00000000-0000-0000-0000-000000000010"",""actorName"":""hr.admin@example.com""}"
"outbox","2cf3b0ad-5ad2-4a71-9020-6182f24a41ca","OPERATOR_SKIPPED","TimeClockEventRecordTimeClockEvented","TimeClockEvent","958941d4-f38f-48cb-84df-01b1aa986ba1","","","5","2026-05-29T20:32:59.670Z","{""action"":""SKIP"",""reason"":""Legacy malformed command-bus fallback event exported before cleanup; not a canonical domain fact for replay"",""actedAt"":""2026-06-03T14:33:46.431Z"",""actorId"":""00000000-0000-0000-0000-000000000010"",""actorName"":""hr.admin@example.com""}"
"outbox","462e4052-79ea-46c5-a5bd-44a823a6e035","OPERATOR_SKIPPED","TimeClockEventRecordTimeClockEvented","TimeClockEvent","e659fe92-83ff-492c-8f8b-fd825ce2152d","","","5","2026-05-29T20:18:39.677Z","{""action"":""SKIP"",""reason"":""Legacy malformed command-bus fallback event exported before cleanup; not a canonical domain fact for replay"",""actedAt"":""2026-06-03T14:33:46.449Z"",""actorId"":""00000000-0000-0000-0000-000000000010"",""actorName"":""hr.admin@example.com""}"
"outbox","ec30c7e9-bd01-4da3-aed5-ec78cc692a21","OPERATOR_SKIPPED","TimeClockEventRecordTimeClockEvented","TimeClockEvent","2fdd4868-b69a-4272-9f7e-e559826f92c7","","","5","2026-05-25T22:43:35.541Z","{""action"":""SKIP"",""reason"":""Legacy malformed command-bus fallback event exported before cleanup; not a canonical domain fact for replay"",""actedAt"":""2026-06-03T14:33:46.466Z"",""actorId"":""00000000-0000-0000-0000-000000000010"",""actorName"":""hr.admin@example.com""}"
"outbox","afe6dafd-c56e-4d57-926d-6c9a1d217cbf","OPERATOR_SKIPPED","TimeClockEventRecordTimeClockEvented","TimeClockEvent","82636ca3-73df-4038-935a-a8aabd09d9ce","","","5","2026-05-25T22:43:35.512Z","{""action"":""SKIP"",""reason"":""Legacy malformed command-bus fallback event exported before cleanup; not a canonical domain fact for replay"",""actedAt"":""2026-06-03T14:33:46.483Z"",""actorId"":""00000000-0000-0000-0000-000000000010"",""actorName"":""hr.admin@example.com""}"
"outbox","b1936895-ada7-423a-a0ab-cb7ef774434d","OPERATOR_SKIPPED","AbsenceRequestApproveAbsenceRequested","AbsenceRequest","119c3ad5-0608-49e3-917e-93822ae89d14","","","5","2026-05-25T22:43:35.432Z","{""action"":""SKIP"",""reason"":""Legacy malformed command-bus fallback event exported before cleanup; not a canonical domain fact for replay"",""actedAt"":""2026-06-03T14:33:46.498Z"",""actorId"":""00000000-0000-0000-0000-000000000010"",""actorName"":""hr.admin@example.com""}"
"outbox","858bea97-c96d-4eab-a2cb-20398901baea","OPERATOR_SKIPPED","AbsenceRequestSubmitAbsenceRequested","AbsenceRequest","119c3ad5-0608-49e3-917e-93822ae89d14","","","5","2026-05-25T22:43:35.378Z","{""action"":""SKIP"",""reason"":""Legacy malformed command-bus fallback event exported before cleanup; not a canonical domain fact for replay"",""actedAt"":""2026-06-03T14:33:46.515Z"",""actorId"":""00000000-0000-0000-0000-000000000010"",""actorName"":""hr.admin@example.com""}"
"outbox","05f62fd7-0136-49d3-9c4f-8510dab3b42b","OPERATOR_SKIPPED","AbsenceRequestCreateAbsenceRequested","AbsenceRequest","119c3ad5-0608-49e3-917e-93822ae89d14","","","5","2026-05-25T22:43:35.359Z","{""action"":""SKIP"",""reason"":""Legacy malformed command-bus fallback event exported before cleanup; not a canonical domain fact for replay"",""actedAt"":""2026-06-03T14:33:46.533Z"",""actorId"":""00000000-0000-0000-0000-000000000010"",""actorName"":""hr.admin@example.com""}"
"outbox","8147b72a-85ef-46c6-bc14-488824febad1","OPERATOR_SKIPPED","TimeClockEventRecordTimeClockEvented","TimeClockEvent","b456fed0-84e1-4201-bf5b-ba223319a5ec","","","5","2026-05-25T22:42:09.360Z","{""action"":""SKIP"",""reason"":""Legacy malformed command-bus fallback event exported before cleanup; not a canonical domain fact for replay"",""actedAt"":""2026-06-03T14:33:46.551Z"",""actorId"":""00000000-0000-0000-0000-000000000010"",""actorName"":""hr.admin@example.com""}"
"outbox","358e32e5-d8a0-4e76-8bdd-cd1a4d21de47","OPERATOR_SKIPPED","TimeClockEventRecordTimeClockEvented","TimeClockEvent","678e350e-4fb7-4f05-8edc-c1b847c45acc","","","5","2026-05-25T22:42:09.334Z","{""action"":""SKIP"",""reason"":""Legacy malformed command-bus fallback event exported before cleanup; not a canonical domain fact for replay"",""actedAt"":""2026-06-03T14:33:46.569Z"",""actorId"":""00000000-0000-0000-0000-000000000010"",""actorName"":""hr.admin@example.com""}"
"outbox","4f9f8d1a-7572-4316-b69c-914e6cee5959","OPERATOR_SKIPPED","AbsenceRequestApproveAbsenceRequested","AbsenceRequest","92b8aabe-97e7-451a-b994-51f84502a0ab","","","5","2026-05-25T22:42:09.303Z","{""action"":""SKIP"",""reason"":""Legacy malformed command-bus fallback event exported before cleanup; not a canonical domain fact for replay"",""actedAt"":""2026-06-03T14:33:46.585Z"",""actorId"":""00000000-0000-0000-0000-000000000010"",""actorName"":""hr.admin@example.com""}"
"outbox","ebcf74eb-f556-44da-9744-1446892ff752","OPERATOR_SKIPPED","AbsenceRequestSubmitAbsenceRequested","AbsenceRequest","92b8aabe-97e7-451a-b994-51f84502a0ab","","","5","2026-05-25T22:42:09.014Z","{""action"":""SKIP"",""reason"":""Legacy malformed command-bus fallback event exported before cleanup; not a canonical domain fact for replay"",""actedAt"":""2026-06-03T14:33:46.601Z"",""actorId"":""00000000-0000-0000-0000-000000000010"",""actorName"":""hr.admin@example.com""}"
"outbox","8b4ea667-c4fe-49dc-8ffc-3ca4c1c74a15","OPERATOR_SKIPPED","AbsenceRequestCreateAbsenceRequested","AbsenceRequest","92b8aabe-97e7-451a-b994-51f84502a0ab","","","5","2026-05-25T22:42:08.983Z","{""action"":""SKIP"",""reason"":""Legacy malformed command-bus fallback event exported before cleanup; not a canonical domain fact for replay"",""actedAt"":""2026-06-03T14:33:46.620Z"",""actorId"":""00000000-0000-0000-0000-000000000010"",""actorName"":""hr.admin@example.com""}"
"outbox","b7c55611-be78-4e6e-9d60-480a813e45f2","OPERATOR_SKIPPED","AbsenceRequestSubmitAbsenceRequested","AbsenceRequest","8ddf2c75-3a64-4015-82fa-82ef89dc1cef","","","5","2026-05-25T22:40:32.854Z","{""action"":""SKIP"",""reason"":""Legacy malformed command-bus fallback event exported before cleanup; not a canonical domain fact for replay"",""actedAt"":""2026-06-03T14:33:46.646Z"",""actorId"":""00000000-0000-0000-0000-000000000010"",""actorName"":""hr.admin@example.com""}"
"outbox","388c45ca-c98f-43d7-8542-7057583214bf","OPERATOR_SKIPPED","AbsenceRequestCreateAbsenceRequested","AbsenceRequest","8ddf2c75-3a64-4015-82fa-82ef89dc1cef","","","5","2026-05-25T22:40:32.577Z","{""action"":""SKIP"",""reason"":""Legacy malformed command-bus fallback event exported before cleanup; not a canonical domain fact for replay"",""actedAt"":""2026-06-03T14:33:46.669Z"",""actorId"":""00000000-0000-0000-0000-000000000010"",""actorName"":""hr.admin@example.com""}"
"outbox","d2db2b2e-3d82-489a-9688-cb043e174e8b","OPERATOR_SKIPPED","TimeClockEventRecordTimeClockEvented","TimeClockEvent","548c3541-38f0-4d16-ac29-8eb4d8191587","","","5","2026-05-25T22:38:09.539Z","{""action"":""SKIP"",""reason"":""Legacy malformed command-bus fallback event exported before cleanup; not a canonical domain fact for replay"",""actedAt"":""2026-06-03T14:33:46.686Z"",""actorId"":""00000000-0000-0000-0000-000000000010"",""actorName"":""hr.admin@example.com""}"
"outbox","1d441c1c-5075-4ebe-b214-2b9e99448fb5","OPERATOR_SKIPPED","TimeClockEventRecordTimeClockEvented","TimeClockEvent","61c80ff2-bd6a-48c9-bf98-aa7af2889bcd","","","5","2026-05-25T22:38:06.343Z","{""action"":""SKIP"",""reason"":""Legacy malformed command-bus fallback event exported before cleanup; not a canonical domain fact for replay"",""actedAt"":""2026-06-03T14:33:46.702Z"",""actorId"":""00000000-0000-0000-0000-000000000010"",""actorName"":""hr.admin@example.com""}"
"outbox","a631e43d-69b9-4569-9c8e-fc8199e32dfe","OPERATOR_SKIPPED","TimeClockEventRecordTimeClockEvented","TimeClockEvent","88852b7d-2bac-4c59-8974-5b40e69cbc2c","","","5","2026-05-25T21:45:08.383Z","{""action"":""SKIP"",""reason"":""Legacy malformed command-bus fallback event exported before cleanup; not a canonical domain fact for replay"",""actedAt"":""2026-06-03T14:33:46.717Z"",""actorId"":""00000000-0000-0000-0000-000000000010"",""actorName"":""hr.admin@example.com""}"
"outbox","83360503-d39f-419f-973d-009d8f8e9415","OPERATOR_SKIPPED","TimeClockEventRecordTimeClockEvented","TimeClockEvent","aa376d99-4f0c-4cb4-a2b7-fe064c77bc34","","","5","2026-05-25T21:45:02.203Z","{""action"":""SKIP"",""reason"":""Legacy malformed command-bus fallback event exported before cleanup; not a canonical domain fact for replay"",""actedAt"":""2026-06-03T14:33:46.733Z"",""actorId"":""00000000-0000-0000-0000-000000000010"",""actorName"":""hr.admin@example.com""}"
"outbox","02d22165-6d98-4c49-a58e-8cdcd45f9145","OPERATOR_SKIPPED","TimeClockEventRecordTimeClockEvented","TimeClockEvent","5f57cd50-5d11-4c6a-a2ed-0ead686a20f5","","","5","2026-05-25T19:28:00.918Z","{""action"":""SKIP"",""reason"":""Legacy malformed command-bus fallback event exported before cleanup; not a canonical domain fact for replay"",""actedAt"":""2026-06-03T14:33:46.752Z"",""actorId"":""00000000-0000-0000-0000-000000000010"",""actorName"":""hr.admin@example.com""}"
"outbox","3cd5da31-25ff-482d-90eb-89463af40037","OPERATOR_SKIPPED","PayrollCycleClosePayrollCycleed","PayrollCycle","39e3c323-24ef-4db0-a9a5-de5616720c52","","","5","2026-05-25T18:13:13.558Z","{""action"":""SKIP"",""reason"":""Legacy malformed command-bus fallback event exported before cleanup; not a canonical domain fact for replay"",""actedAt"":""2026-06-03T14:33:46.769Z"",""actorId"":""00000000-0000-0000-0000-000000000010"",""actorName"":""hr.admin@example.com""}"
"outbox","9744ca92-529a-458d-aa4d-326e36895b97","OPERATOR_SKIPPED","PayrollCycleApprovePayrollCycleed","PayrollCycle","39e3c323-24ef-4db0-a9a5-de5616720c52","","","5","2026-05-25T18:13:13.536Z","{""action"":""SKIP"",""reason"":""Legacy malformed command-bus fallback event exported before cleanup; not a canonical domain fact for replay"",""actedAt"":""2026-06-03T14:33:46.784Z"",""actorId"":""00000000-0000-0000-0000-000000000010"",""actorName"":""hr.admin@example.com""}"
"outbox","aa210e0f-8418-4833-9cca-1d421f924263","OPERATOR_SKIPPED","PayrollCycleStartPayrollReviewed","PayrollCycle","39e3c323-24ef-4db0-a9a5-de5616720c52","","","5","2026-05-25T18:13:13.514Z","{""action"":""SKIP"",""reason"":""Legacy malformed command-bus fallback event exported before cleanup; not a canonical domain fact for replay"",""actedAt"":""2026-06-03T14:33:46.800Z"",""actorId"":""00000000-0000-0000-0000-000000000010"",""actorName"":""hr.admin@example.com""}"
"outbox","a28685f3-bd2a-4b93-9961-497af5de7609","OPERATOR_SKIPPED","PayrollCalculationRunFinalizePayrollCalculationRuned","PayrollCalculationRun","6bce1f4f-42c0-42c1-bf09-16bae2e9d137","","","5","2026-05-25T18:13:13.481Z","{""action"":""SKIP"",""reason"":""Legacy malformed command-bus fallback event exported before cleanup; not a canonical domain fact for replay"",""actedAt"":""2026-06-03T14:33:46.816Z"",""actorId"":""00000000-0000-0000-0000-000000000010"",""actorName"":""hr.admin@example.com""}"
"outbox","3c6c440f-3398-47ba-a71b-0417c0357059","OPERATOR_SKIPPED","PayrollCalculationRunValidatePayrollCalculationRuned","PayrollCalculationRun","6bce1f4f-42c0-42c1-bf09-16bae2e9d137","","","5","2026-05-25T18:13:13.449Z","{""action"":""SKIP"",""reason"":""Legacy malformed command-bus fallback event exported before cleanup; not a canonical domain fact for replay"",""actedAt"":""2026-06-03T14:33:46.832Z"",""actorId"":""00000000-0000-0000-0000-000000000010"",""actorName"":""hr.admin@example.com""}"
"outbox","7e124c57-8332-4f76-8656-2502713d023f","OPERATOR_SKIPPED","PayrollResultLineLockPayrollResultLineed","PayrollResultLine","bf76dd3e-c560-4087-8553-f11b17ca2dbd","","","5","2026-05-25T18:13:13.420Z","{""action"":""SKIP"",""reason"":""Legacy malformed command-bus fallback event exported before cleanup; not a canonical domain fact for replay"",""actedAt"":""2026-06-03T14:33:46.849Z"",""actorId"":""00000000-0000-0000-0000-000000000010"",""actorName"":""hr.admin@example.com""}"
"outbox","5ce057d9-c942-4f08-b4d0-de394fdde5dc","OPERATOR_SKIPPED","PayrollResultLineReviewPayrollResultLineed","PayrollResultLine","bf76dd3e-c560-4087-8553-f11b17ca2dbd","","","5","2026-05-25T18:13:13.392Z","{""action"":""SKIP"",""reason"":""Legacy malformed command-bus fallback event exported before cleanup; not a canonical domain fact for replay"",""actedAt"":""2026-06-03T14:33:46.865Z"",""actorId"":""00000000-0000-0000-0000-000000000010"",""actorName"":""hr.admin@example.com""}"
"outbox","281ea540-14dd-4481-bc21-c2fabf33a479","OPERATOR_SKIPPED","PayrollResultLineExplainPayrollResultLineed","PayrollResultLine","bf76dd3e-c560-4087-8553-f11b17ca2dbd","","","5","2026-05-25T18:13:13.366Z","{""action"":""SKIP"",""reason"":""Legacy malformed command-bus fallback event exported before cleanup; not a canonical domain fact for replay"",""actedAt"":""2026-06-03T14:33:46.883Z"",""actorId"":""00000000-0000-0000-0000-000000000010"",""actorName"":""hr.admin@example.com""}"
"outbox","0ba9e834-5b79-4a4e-8407-46b46f792c09","OPERATOR_SKIPPED","PayrollResultLineCalculatePayrollResultLineed","PayrollResultLine","bf76dd3e-c560-4087-8553-f11b17ca2dbd","","","5","2026-05-25T18:13:13.339Z","{""action"":""SKIP"",""reason"":""Legacy malformed command-bus fallback event exported before cleanup; not a canonical domain fact for replay"",""actedAt"":""2026-06-03T14:33:46.904Z"",""actorId"":""00000000-0000-0000-0000-000000000010"",""actorName"":""hr.admin@example.com""}"
"outbox","990e8ffe-cc4f-469b-9bd2-41ac24495135","OPERATOR_SKIPPED","PayrollResultLineLockPayrollResultLineed","PayrollResultLine","80dacc70-6f82-4e1d-8157-971dbf56cb0f","","","5","2026-05-25T18:13:13.316Z","{""action"":""SKIP"",""reason"":""Legacy malformed command-bus fallback event exported before cleanup; not a canonical domain fact for replay"",""actedAt"":""2026-06-03T14:33:46.923Z"",""actorId"":""00000000-0000-0000-0000-000000000010"",""actorName"":""hr.admin@example.com""}"
"outbox","e624e6f9-70f5-4e88-a883-b0d29931629f","OPERATOR_SKIPPED","PayrollResultLineReviewPayrollResultLineed","PayrollResultLine","80dacc70-6f82-4e1d-8157-971dbf56cb0f","","","5","2026-05-25T18:13:13.290Z","{""action"":""SKIP"",""reason"":""Legacy malformed command-bus fallback event exported before cleanup; not a canonical domain fact for replay"",""actedAt"":""2026-06-03T14:33:46.943Z"",""actorId"":""00000000-0000-0000-0000-000000000010"",""actorName"":""hr.admin@example.com""}"
"outbox","bed4282f-86d5-4cc4-a231-9a82a5b7147d","OPERATOR_SKIPPED","PayrollResultLineExplainPayrollResultLineed","PayrollResultLine","80dacc70-6f82-4e1d-8157-971dbf56cb0f","","","5","2026-05-25T18:13:13.262Z","{""action"":""SKIP"",""reason"":""Legacy malformed command-bus fallback event exported before cleanup; not a canonical domain fact for replay"",""actedAt"":""2026-06-03T14:33:46.962Z"",""actorId"":""00000000-0000-0000-0000-000000000010"",""actorName"":""hr.admin@example.com""}"
"outbox","8fa5410b-12ff-4ec8-85d1-0f908cd83d81","OPERATOR_SKIPPED","PayrollResultLineCalculatePayrollResultLineed","PayrollResultLine","80dacc70-6f82-4e1d-8157-971dbf56cb0f","","","5","2026-05-25T18:13:13.233Z","{""action"":""SKIP"",""reason"":""Legacy malformed command-bus fallback event exported before cleanup; not a canonical domain fact for replay"",""actedAt"":""2026-06-03T14:33:46.981Z"",""actorId"":""00000000-0000-0000-0000-000000000010"",""actorName"":""hr.admin@example.com""}"
"outbox","95326954-4841-4bc2-9986-62af995ad476","OPERATOR_SKIPPED","PayrollResultLineLockPayrollResultLineed","PayrollResultLine","4f4f9833-7026-4e29-b9ac-958f3a6b6b24","","","5","2026-05-25T18:13:13.204Z","{""action"":""SKIP"",""reason"":""Legacy malformed command-bus fallback event exported before cleanup; not a canonical domain fact for replay"",""actedAt"":""2026-06-03T14:33:47.001Z"",""actorId"":""00000000-0000-0000-0000-000000000010"",""actorName"":""hr.admin@example.com""}"
"outbox","077dd90e-5dcc-4a55-aee4-8fd7b26c2524","OPERATOR_SKIPPED","PayrollResultLineReviewPayrollResultLineed","PayrollResultLine","4f4f9833-7026-4e29-b9ac-958f3a6b6b24","","","5","2026-05-25T18:13:13.176Z","{""action"":""SKIP"",""reason"":""Legacy malformed command-bus fallback event exported before cleanup; not a canonical domain fact for replay"",""actedAt"":""2026-06-03T14:33:47.018Z"",""actorId"":""00000000-0000-0000-0000-000000000010"",""actorName"":""hr.admin@example.com""}"
"outbox","5fe1c238-c39a-479e-b9ed-db66e42bbb31","OPERATOR_SKIPPED","PayrollResultLineExplainPayrollResultLineed","PayrollResultLine","4f4f9833-7026-4e29-b9ac-958f3a6b6b24","","","5","2026-05-25T18:13:13.148Z","{""action"":""SKIP"",""reason"":""Legacy malformed command-bus fallback event exported before cleanup; not a canonical domain fact for replay"",""actedAt"":""2026-06-03T14:33:47.033Z"",""actorId"":""00000000-0000-0000-0000-000000000010"",""actorName"":""hr.admin@example.com""}"
"outbox","17bbb221-3c32-4c21-99d9-6d1b122cb37c","OPERATOR_SKIPPED","PayrollResultLineCalculatePayrollResultLineed","PayrollResultLine","4f4f9833-7026-4e29-b9ac-958f3a6b6b24","","","5","2026-05-25T18:13:13.126Z","{""action"":""SKIP"",""reason"":""Legacy malformed command-bus fallback event exported before cleanup; not a canonical domain fact for replay"",""actedAt"":""2026-06-03T14:33:47.049Z"",""actorId"":""00000000-0000-0000-0000-000000000010"",""actorName"":""hr.admin@example.com""}"
"outbox","34dfcf4e-aea0-4883-bf40-c977e46ed1c2","OPERATOR_SKIPPED","PayrollResultLineLockPayrollResultLineed","PayrollResultLine","534aaa7e-505d-47c1-90de-50e789390d6e","","","5","2026-05-25T18:13:13.106Z","{""action"":""SKIP"",""reason"":""Legacy malformed command-bus fallback event exported before cleanup; not a canonical domain fact for replay"",""actedAt"":""2026-06-03T14:33:47.066Z"",""actorId"":""00000000-0000-0000-0000-000000000010"",""actorName"":""hr.admin@example.com""}"
"outbox","e4233942-2f7e-4ad4-9e76-cff52ddec55a","OPERATOR_SKIPPED","PayrollResultLineReviewPayrollResultLineed","PayrollResultLine","534aaa7e-505d-47c1-90de-50e789390d6e","","","5","2026-05-25T18:13:13.087Z","{""action"":""SKIP"",""reason"":""Legacy malformed command-bus fallback event exported before cleanup; not a canonical domain fact for replay"",""actedAt"":""2026-06-03T14:33:47.082Z"",""actorId"":""00000000-0000-0000-0000-000000000010"",""actorName"":""hr.admin@example.com""}"
"outbox","8f93de24-0075-477e-aaa0-87fb4f2af0f4","OPERATOR_SKIPPED","PayrollResultLineExplainPayrollResultLineed","PayrollResultLine","534aaa7e-505d-47c1-90de-50e789390d6e","","","5","2026-05-25T18:13:13.067Z","{""action"":""SKIP"",""reason"":""Legacy malformed command-bus fallback event exported before cleanup; not a canonical domain fact for replay"",""actedAt"":""2026-06-03T14:33:47.098Z"",""actorId"":""00000000-0000-0000-0000-000000000010"",""actorName"":""hr.admin@example.com""}"
"outbox","eacf0f7d-0635-47de-af96-a30558b9ab70","OPERATOR_SKIPPED","PayrollResultLineCalculatePayrollResultLineed","PayrollResultLine","534aaa7e-505d-47c1-90de-50e789390d6e","","","5","2026-05-25T18:13:13.044Z","{""action"":""SKIP"",""reason"":""Legacy malformed command-bus fallback event exported before cleanup; not a canonical domain fact for replay"",""actedAt"":""2026-06-03T14:33:47.115Z"",""actorId"":""00000000-0000-0000-0000-000000000010"",""actorName"":""hr.admin@example.com""}"
"outbox","e78eb206-4147-41ac-a74b-2c714908fb48","OPERATOR_SKIPPED","PayrollResultLineLockPayrollResultLineed","PayrollResultLine","47af548e-f98e-4a2a-903a-34dd1f7d9513","","","5","2026-05-25T18:13:13.023Z","{""action"":""SKIP"",""reason"":""Legacy malformed command-bus fallback event exported before cleanup; not a canonical domain fact for replay"",""actedAt"":""2026-06-03T14:33:47.130Z"",""actorId"":""00000000-0000-0000-0000-000000000010"",""actorName"":""hr.admin@example.com""}"
"outbox","32ebb54a-e7e8-447a-ad72-00379a7f4b29","OPERATOR_SKIPPED","PayrollResultLineReviewPayrollResultLineed","PayrollResultLine","47af548e-f98e-4a2a-903a-34dd1f7d9513","","","5","2026-05-25T18:13:13.002Z","{""action"":""SKIP"",""reason"":""Legacy malformed command-bus fallback event exported before cleanup; not a canonical domain fact for replay"",""actedAt"":""2026-06-03T14:33:47.147Z"",""actorId"":""00000000-0000-0000-0000-000000000010"",""actorName"":""hr.admin@example.com""}"
"outbox","36166698-b0fb-4f4e-977f-d8584eb62c3f","OPERATOR_SKIPPED","PayrollResultLineExplainPayrollResultLineed","PayrollResultLine","47af548e-f98e-4a2a-903a-34dd1f7d9513","","","5","2026-05-25T18:13:12.976Z","{""action"":""SKIP"",""reason"":""Legacy malformed command-bus fallback event exported before cleanup; not a canonical domain fact for replay"",""actedAt"":""2026-06-03T14:33:47.165Z"",""actorId"":""00000000-0000-0000-0000-000000000010"",""actorName"":""hr.admin@example.com""}"
"outbox","e70f4262-e069-42b8-83f0-f468620dd6cc","OPERATOR_SKIPPED","PayrollResultLineCalculatePayrollResultLineed","PayrollResultLine","47af548e-f98e-4a2a-903a-34dd1f7d9513","","","5","2026-05-25T18:13:12.954Z","{""action"":""SKIP"",""reason"":""Legacy malformed command-bus fallback event exported before cleanup; not a canonical domain fact for replay"",""actedAt"":""2026-06-03T14:33:47.180Z"",""actorId"":""00000000-0000-0000-0000-000000000010"",""actorName"":""hr.admin@example.com""}"
"outbox","7d595423-4b58-4c8e-8afd-b0643ad23df5","OPERATOR_SKIPPED","PayrollResultLineLockPayrollResultLineed","PayrollResultLine","f8123d47-84d9-4994-a852-d7659433f2d6","","","5","2026-05-25T18:13:12.934Z","{""action"":""SKIP"",""reason"":""Legacy malformed command-bus fallback event exported before cleanup; not a canonical domain fact for replay"",""actedAt"":""2026-06-03T14:33:47.195Z"",""actorId"":""00000000-0000-0000-0000-000000000010"",""actorName"":""hr.admin@example.com""}"
"outbox","0d7c90ff-80a0-4f4c-bf15-9f1587f0939f","OPERATOR_SKIPPED","PayrollResultLineReviewPayrollResultLineed","PayrollResultLine","f8123d47-84d9-4994-a852-d7659433f2d6","","","5","2026-05-25T18:13:12.915Z","{""action"":""SKIP"",""reason"":""Legacy malformed command-bus fallback event exported before cleanup; not a canonical domain fact for replay"",""actedAt"":""2026-06-03T14:33:47.212Z"",""actorId"":""00000000-0000-0000-0000-000000000010"",""actorName"":""hr.admin@example.com""}"
"outbox","1b807a74-4b24-4afe-9da2-a8400760cf5a","OPERATOR_SKIPPED","PayrollResultLineExplainPayrollResultLineed","PayrollResultLine","f8123d47-84d9-4994-a852-d7659433f2d6","","","5","2026-05-25T18:13:12.893Z","{""action"":""SKIP"",""reason"":""Legacy malformed command-bus fallback event exported before cleanup; not a canonical domain fact for replay"",""actedAt"":""2026-06-03T14:33:47.228Z"",""actorId"":""00000000-0000-0000-0000-000000000010"",""actorName"":""hr.admin@example.com""}"
"outbox","ae3f1265-88ef-44f2-b16e-0c4b3d0cdf56","OPERATOR_SKIPPED","PayrollResultLineCalculatePayrollResultLineed","PayrollResultLine","f8123d47-84d9-4994-a852-d7659433f2d6","","","5","2026-05-25T18:13:12.871Z","{""action"":""SKIP"",""reason"":""Legacy malformed command-bus fallback event exported before cleanup; not a canonical domain fact for replay"",""actedAt"":""2026-06-03T14:33:47.245Z"",""actorId"":""00000000-0000-0000-0000-000000000010"",""actorName"":""hr.admin@example.com""}"
"outbox","dee7e465-0847-4134-875f-9555a2660d39","OPERATOR_SKIPPED","PayrollResultLineLockPayrollResultLineed","PayrollResultLine","6961c0d1-9fbf-468f-9a62-457fbcf37e50","","","5","2026-05-25T18:13:12.850Z","{""action"":""SKIP"",""reason"":""Legacy malformed command-bus fallback event exported before cleanup; not a canonical domain fact for replay"",""actedAt"":""2026-06-03T14:33:47.262Z"",""actorId"":""00000000-0000-0000-0000-000000000010"",""actorName"":""hr.admin@example.com""}"
"outbox","5de8819d-36d8-48c7-9688-c23733a6df1a","OPERATOR_SKIPPED","PayrollResultLineReviewPayrollResultLineed","PayrollResultLine","6961c0d1-9fbf-468f-9a62-457fbcf37e50","","","5","2026-05-25T18:13:12.828Z","{""action"":""SKIP"",""reason"":""Legacy malformed command-bus fallback event exported before cleanup; not a canonical domain fact for replay"",""actedAt"":""2026-06-03T14:33:47.305Z"",""actorId"":""00000000-0000-0000-0000-000000000010"",""actorName"":""hr.admin@example.com""}"
"outbox","1e8c924b-63f4-470f-bc3b-c6e458f03e67","OPERATOR_SKIPPED","PayrollResultLineExplainPayrollResultLineed","PayrollResultLine","6961c0d1-9fbf-468f-9a62-457fbcf37e50","","","5","2026-05-25T18:13:12.799Z","{""action"":""SKIP"",""reason"":""Legacy malformed command-bus fallback event exported before cleanup; not a canonical domain fact for replay"",""actedAt"":""2026-06-03T14:33:47.321Z"",""actorId"":""00000000-0000-0000-0000-000000000010"",""actorName"":""hr.admin@example.com""}"
"outbox","891a97fc-a950-4898-84c2-744ea29f70bb","OPERATOR_SKIPPED","PayrollResultLineCalculatePayrollResultLineed","PayrollResultLine","6961c0d1-9fbf-468f-9a62-457fbcf37e50","","","5","2026-05-25T18:13:12.764Z","{""action"":""SKIP"",""reason"":""Legacy malformed command-bus fallback event exported before cleanup; not a canonical domain fact for replay"",""actedAt"":""2026-06-03T14:33:47.338Z"",""actorId"":""00000000-0000-0000-0000-000000000010"",""actorName"":""hr.admin@example.com""}"
"outbox","ce6a9a7d-3e50-436b-ba87-4540da3023d5","OPERATOR_SKIPPED","PayrollResultLineLockPayrollResultLineed","PayrollResultLine","3235c78c-4a8b-4262-a7c5-b3aa3aff431f","","","5","2026-05-25T18:13:12.732Z","{""action"":""SKIP"",""reason"":""Legacy malformed command-bus fallback event exported before cleanup; not a canonical domain fact for replay"",""actedAt"":""2026-06-03T14:33:47.354Z"",""actorId"":""00000000-0000-0000-0000-000000000010"",""actorName"":""hr.admin@example.com""}"
"outbox","ac6307b1-c6cf-4cbf-a6e8-e1009d1cd0a0","OPERATOR_SKIPPED","PayrollResultLineReviewPayrollResultLineed","PayrollResultLine","3235c78c-4a8b-4262-a7c5-b3aa3aff431f","","","5","2026-05-25T18:13:12.698Z","{""action"":""SKIP"",""reason"":""Legacy malformed command-bus fallback event exported before cleanup; not a canonical domain fact for replay"",""actedAt"":""2026-06-03T14:33:47.369Z"",""actorId"":""00000000-0000-0000-0000-000000000010"",""actorName"":""hr.admin@example.com""}"
"outbox","9afc65e7-7eac-4bde-9cc4-efee38352303","OPERATOR_SKIPPED","PayrollResultLineExplainPayrollResultLineed","PayrollResultLine","3235c78c-4a8b-4262-a7c5-b3aa3aff431f","","","5","2026-05-25T18:13:12.666Z","{""action"":""SKIP"",""reason"":""Legacy malformed command-bus fallback event exported before cleanup; not a canonical domain fact for replay"",""actedAt"":""2026-06-03T14:33:47.388Z"",""actorId"":""00000000-0000-0000-0000-000000000010"",""actorName"":""hr.admin@example.com""}"
"outbox","a208a83d-15c0-47ae-be66-25de378f9653","OPERATOR_SKIPPED","PayrollResultLineCalculatePayrollResultLineed","PayrollResultLine","3235c78c-4a8b-4262-a7c5-b3aa3aff431f","","","5","2026-05-25T18:13:12.642Z","{""action"":""SKIP"",""reason"":""Legacy malformed command-bus fallback event exported before cleanup; not a canonical domain fact for replay"",""actedAt"":""2026-06-03T14:33:47.411Z"",""actorId"":""00000000-0000-0000-0000-000000000010"",""actorName"":""hr.admin@example.com""}"
"outbox","7c674b53-a4ef-4c10-8794-96d40384ffce","OPERATOR_SKIPPED","PayrollResultLineLockPayrollResultLineed","PayrollResultLine","6ff9c516-684f-4f08-a0e4-c7828a7fa287","","","5","2026-05-25T18:13:12.622Z","{""action"":""SKIP"",""reason"":""Legacy malformed command-bus fallback event exported before cleanup; not a canonical domain fact for replay"",""actedAt"":""2026-06-03T14:33:47.428Z"",""actorId"":""00000000-0000-0000-0000-000000000010"",""actorName"":""hr.admin@example.com""}"
"outbox","0b54cf0e-19e6-4c14-b8d8-0866edb7e49d","OPERATOR_SKIPPED","PayrollResultLineReviewPayrollResultLineed","PayrollResultLine","6ff9c516-684f-4f08-a0e4-c7828a7fa287","","","5","2026-05-25T18:13:12.598Z","{""action"":""SKIP"",""reason"":""Legacy malformed command-bus fallback event exported before cleanup; not a canonical domain fact for replay"",""actedAt"":""2026-06-03T14:33:47.444Z"",""actorId"":""00000000-0000-0000-0000-000000000010"",""actorName"":""hr.admin@example.com""}"
"outbox","ee3d13d8-ce02-4183-99c4-8a3db69cc2dd","OPERATOR_SKIPPED","PayrollResultLineExplainPayrollResultLineed","PayrollResultLine","6ff9c516-684f-4f08-a0e4-c7828a7fa287","","","5","2026-05-25T18:13:12.575Z","{""action"":""SKIP"",""reason"":""Legacy malformed command-bus fallback event exported before cleanup; not a canonical domain fact for replay"",""actedAt"":""2026-06-03T14:33:47.462Z"",""actorId"":""00000000-0000-0000-0000-000000000010"",""actorName"":""hr.admin@example.com""}"
"outbox","31699880-d8ef-46ef-90df-fe45bd636478","OPERATOR_SKIPPED","PayrollResultLineCalculatePayrollResultLineed","PayrollResultLine","6ff9c516-684f-4f08-a0e4-c7828a7fa287","","","5","2026-05-25T18:13:12.552Z","{""action"":""SKIP"",""reason"":""Legacy malformed command-bus fallback event exported before cleanup; not a canonical domain fact for replay"",""actedAt"":""2026-06-03T14:33:47.482Z"",""actorId"":""00000000-0000-0000-0000-000000000010"",""actorName"":""hr.admin@example.com""}"
"outbox","470f4c13-0116-4da7-88f4-ca18a4e9e03c","OPERATOR_SKIPPED","PayrollResultLineLockPayrollResultLineed","PayrollResultLine","b25f6a5e-78b3-44a1-893f-6937088745ff","","","5","2026-05-25T18:13:12.531Z","{""action"":""SKIP"",""reason"":""Legacy malformed command-bus fallback event exported before cleanup; not a canonical domain fact for replay"",""actedAt"":""2026-06-03T14:33:47.499Z"",""actorId"":""00000000-0000-0000-0000-000000000010"",""actorName"":""hr.admin@example.com""}"
"outbox","79cb88ee-c098-499b-9ca7-20d9827ff8d2","OPERATOR_SKIPPED","PayrollResultLineReviewPayrollResultLineed","PayrollResultLine","b25f6a5e-78b3-44a1-893f-6937088745ff","","","5","2026-05-25T18:13:12.510Z","{""action"":""SKIP"",""reason"":""Legacy malformed command-bus fallback event exported before cleanup; not a canonical domain fact for replay"",""actedAt"":""2026-06-03T14:33:47.515Z"",""actorId"":""00000000-0000-0000-0000-000000000010"",""actorName"":""hr.admin@example.com""}"
"outbox","2f85ed36-cfb7-4ab5-987c-0a6e53ab79d1","OPERATOR_SKIPPED","PayrollResultLineExplainPayrollResultLineed","PayrollResultLine","b25f6a5e-78b3-44a1-893f-6937088745ff","","","5","2026-05-25T18:13:12.488Z","{""action"":""SKIP"",""reason"":""Legacy malformed command-bus fallback event exported before cleanup; not a canonical domain fact for replay"",""actedAt"":""2026-06-03T14:33:47.532Z"",""actorId"":""00000000-0000-0000-0000-000000000010"",""actorName"":""hr.admin@example.com""}"
"outbox","201d9f16-1a6f-4f94-a683-5e329881a909","OPERATOR_SKIPPED","PayrollResultLineCalculatePayrollResultLineed","PayrollResultLine","b25f6a5e-78b3-44a1-893f-6937088745ff","","","5","2026-05-25T18:13:12.466Z","{""action"":""SKIP"",""reason"":""Legacy malformed command-bus fallback event exported before cleanup; not a canonical domain fact for replay"",""actedAt"":""2026-06-03T14:33:47.548Z"",""actorId"":""00000000-0000-0000-0000-000000000010"",""actorName"":""hr.admin@example.com""}"
"outbox","3781afe8-2456-447d-8999-739baac0f9ae","OPERATOR_SKIPPED","PayrollResultLineLockPayrollResultLineed","PayrollResultLine","26ae0eb9-4979-4924-9cde-8aea355134f4","","","5","2026-05-25T18:13:12.438Z","{""action"":""SKIP"",""reason"":""Legacy malformed command-bus fallback event exported before cleanup; not a canonical domain fact for replay"",""actedAt"":""2026-06-03T14:33:47.569Z"",""actorId"":""00000000-0000-0000-0000-000000000010"",""actorName"":""hr.admin@example.com""}"
"outbox","c748c63f-6429-4533-9043-1ce27b4bf565","OPERATOR_SKIPPED","PayrollResultLineReviewPayrollResultLineed","PayrollResultLine","26ae0eb9-4979-4924-9cde-8aea355134f4","","","5","2026-05-25T18:13:12.418Z","{""action"":""SKIP"",""reason"":""Legacy malformed command-bus fallback event exported before cleanup; not a canonical domain fact for replay"",""actedAt"":""2026-06-03T14:33:47.586Z"",""actorId"":""00000000-0000-0000-0000-000000000010"",""actorName"":""hr.admin@example.com""}"
"outbox","1583419d-1e14-4368-9754-19984cb6a4e1","OPERATOR_SKIPPED","PayrollResultLineExplainPayrollResultLineed","PayrollResultLine","26ae0eb9-4979-4924-9cde-8aea355134f4","","","5","2026-05-25T18:13:12.398Z","{""action"":""SKIP"",""reason"":""Legacy malformed command-bus fallback event exported before cleanup; not a canonical domain fact for replay"",""actedAt"":""2026-06-03T14:33:47.603Z"",""actorId"":""00000000-0000-0000-0000-000000000010"",""actorName"":""hr.admin@example.com""}"
"outbox","aa69879b-c3f4-43a3-b9b7-1aef6050bbaa","OPERATOR_SKIPPED","PayrollResultLineCalculatePayrollResultLineed","PayrollResultLine","26ae0eb9-4979-4924-9cde-8aea355134f4","","","5","2026-05-25T18:13:12.376Z","{""action"":""SKIP"",""reason"":""Legacy malformed command-bus fallback event exported before cleanup; not a canonical domain fact for replay"",""actedAt"":""2026-06-03T14:33:47.620Z"",""actorId"":""00000000-0000-0000-0000-000000000010"",""actorName"":""hr.admin@example.com""}"
"outbox","343c4763-2820-4d5f-842f-9db6d36073ed","OPERATOR_SKIPPED","PayrollResultLineLockPayrollResultLineed","PayrollResultLine","1bb3a728-84c8-41ce-8e66-1f05e2f471f8","","","5","2026-05-25T18:13:12.359Z","{""action"":""SKIP"",""reason"":""Legacy malformed command-bus fallback event exported before cleanup; not a canonical domain fact for replay"",""actedAt"":""2026-06-03T14:33:47.638Z"",""actorId"":""00000000-0000-0000-0000-000000000010"",""actorName"":""hr.admin@example.com""}"
"outbox","a81552aa-2d18-49f1-80c9-e2875e56e72b","OPERATOR_SKIPPED","PayrollResultLineReviewPayrollResultLineed","PayrollResultLine","1bb3a728-84c8-41ce-8e66-1f05e2f471f8","","","5","2026-05-25T18:13:12.338Z","{""action"":""SKIP"",""reason"":""Legacy malformed command-bus fallback event exported before cleanup; not a canonical domain fact for replay"",""actedAt"":""2026-06-03T14:33:47.656Z"",""actorId"":""00000000-0000-0000-0000-000000000010"",""actorName"":""hr.admin@example.com""}"
"outbox","5f9dbdd1-efb0-49ba-9fa4-a779cab95900","OPERATOR_SKIPPED","PayrollResultLineExplainPayrollResultLineed","PayrollResultLine","1bb3a728-84c8-41ce-8e66-1f05e2f471f8","","","5","2026-05-25T18:13:12.317Z","{""action"":""SKIP"",""reason"":""Legacy malformed command-bus fallback event exported before cleanup; not a canonical domain fact for replay"",""actedAt"":""2026-06-03T14:33:47.671Z"",""actorId"":""00000000-0000-0000-0000-000000000010"",""actorName"":""hr.admin@example.com""}"
"outbox","280a4a83-4fc8-4173-b751-a88816ef3fb2","OPERATOR_SKIPPED","PayrollResultLineCalculatePayrollResultLineed","PayrollResultLine","1bb3a728-84c8-41ce-8e66-1f05e2f471f8","","","5","2026-05-25T18:13:12.297Z","{""action"":""SKIP"",""reason"":""Legacy malformed command-bus fallback event exported before cleanup; not a canonical domain fact for replay"",""actedAt"":""2026-06-03T14:33:47.687Z"",""actorId"":""00000000-0000-0000-0000-000000000010"",""actorName"":""hr.admin@example.com""}"
"outbox","43e0d067-dfa7-46c1-b2df-2f275fea3a04","OPERATOR_SKIPPED","PayrollResultLineLockPayrollResultLineed","PayrollResultLine","fefd9ca3-8212-4c9a-b86c-954c5421cb50","","","5","2026-05-25T18:13:12.279Z","{""action"":""SKIP"",""reason"":""Legacy malformed command-bus fallback event exported before cleanup; not a canonical domain fact for replay"",""actedAt"":""2026-06-03T14:33:47.703Z"",""actorId"":""00000000-0000-0000-0000-000000000010"",""actorName"":""hr.admin@example.com""}"
"outbox","81c1dc1c-ca55-4d55-b6cd-d423a6ed9c51","OPERATOR_SKIPPED","PayrollResultLineReviewPayrollResultLineed","PayrollResultLine","fefd9ca3-8212-4c9a-b86c-954c5421cb50","","","5","2026-05-25T18:13:12.259Z","{""action"":""SKIP"",""reason"":""Legacy malformed command-bus fallback event exported before cleanup; not a canonical domain fact for replay"",""actedAt"":""2026-06-03T14:33:47.718Z"",""actorId"":""00000000-0000-0000-0000-000000000010"",""actorName"":""hr.admin@example.com""}"
"outbox","ec43acfc-a08c-484b-b988-d170f209e584","OPERATOR_SKIPPED","PayrollResultLineExplainPayrollResultLineed","PayrollResultLine","fefd9ca3-8212-4c9a-b86c-954c5421cb50","","","5","2026-05-25T18:13:12.239Z","{""action"":""SKIP"",""reason"":""Legacy malformed command-bus fallback event exported before cleanup; not a canonical domain fact for replay"",""actedAt"":""2026-06-03T14:33:47.734Z"",""actorId"":""00000000-0000-0000-0000-000000000010"",""actorName"":""hr.admin@example.com""}"
"outbox","0c13f25f-974f-47f6-af2b-35b1d7742df2","OPERATOR_SKIPPED","PayrollResultLineCalculatePayrollResultLineed","PayrollResultLine","fefd9ca3-8212-4c9a-b86c-954c5421cb50","","","5","2026-05-25T18:13:12.219Z","{""action"":""SKIP"",""reason"":""Legacy malformed command-bus fallback event exported before cleanup; not a canonical domain fact for replay"",""actedAt"":""2026-06-03T14:33:47.749Z"",""actorId"":""00000000-0000-0000-0000-000000000010"",""actorName"":""hr.admin@example.com""}"
"outbox","193bb70d-bd38-4c53-a7f9-65ddc7dc611d","OPERATOR_SKIPPED","PayrollResultLineLockPayrollResultLineed","PayrollResultLine","84d30087-26cf-457d-9f31-33f3dd7772ad","","","5","2026-05-25T18:13:12.200Z","{""action"":""SKIP"",""reason"":""Legacy malformed command-bus fallback event exported before cleanup; not a canonical domain fact for replay"",""actedAt"":""2026-06-03T14:33:47.765Z"",""actorId"":""00000000-0000-0000-0000-000000000010"",""actorName"":""hr.admin@example.com""}"
"outbox","e9055e02-80bb-42a3-8683-dbca8a50e7b0","OPERATOR_SKIPPED","PayrollResultLineReviewPayrollResultLineed","PayrollResultLine","84d30087-26cf-457d-9f31-33f3dd7772ad","","","5","2026-05-25T18:13:12.181Z","{""action"":""SKIP"",""reason"":""Legacy malformed command-bus fallback event exported before cleanup; not a canonical domain fact for replay"",""actedAt"":""2026-06-03T14:33:47.784Z"",""actorId"":""00000000-0000-0000-0000-000000000010"",""actorName"":""hr.admin@example.com""}"
"outbox","ef3e9294-8ca0-4c80-bd34-62062c804ad1","OPERATOR_SKIPPED","PayrollResultLineExplainPayrollResultLineed","PayrollResultLine","84d30087-26cf-457d-9f31-33f3dd7772ad","","","5","2026-05-25T18:13:12.161Z","{""action"":""SKIP"",""reason"":""Legacy malformed command-bus fallback event exported before cleanup; not a canonical domain fact for replay"",""actedAt"":""2026-06-03T14:33:47.806Z"",""actorId"":""00000000-0000-0000-0000-000000000010"",""actorName"":""hr.admin@example.com""}"
"outbox","f9f5bb4e-a92f-47b0-89c1-9bafd4d32258","OPERATOR_SKIPPED","PayrollResultLineCalculatePayrollResultLineed","PayrollResultLine","84d30087-26cf-457d-9f31-33f3dd7772ad","","","5","2026-05-25T18:13:12.142Z","{""action"":""SKIP"",""reason"":""Legacy malformed command-bus fallback event exported before cleanup; not a canonical domain fact for replay"",""actedAt"":""2026-06-03T14:33:47.821Z"",""actorId"":""00000000-0000-0000-0000-000000000010"",""actorName"":""hr.admin@example.com""}"
"outbox","ae32a826-1c1d-421b-aec3-1400dd79493b","OPERATOR_SKIPPED","PayrollResultLineLockPayrollResultLineed","PayrollResultLine","3d5e55c4-c040-47aa-bc9b-c351ad3370bd","","","5","2026-05-25T18:13:12.123Z","{""action"":""SKIP"",""reason"":""Legacy malformed command-bus fallback event exported before cleanup; not a canonical domain fact for replay"",""actedAt"":""2026-06-03T14:33:47.837Z"",""actorId"":""00000000-0000-0000-0000-000000000010"",""actorName"":""hr.admin@example.com""}"
"outbox","e786bc33-bdac-4f5c-ba76-fc2fa51e0a20","OPERATOR_SKIPPED","PayrollResultLineReviewPayrollResultLineed","PayrollResultLine","3d5e55c4-c040-47aa-bc9b-c351ad3370bd","","","5","2026-05-25T18:13:12.100Z","{""action"":""SKIP"",""reason"":""Legacy malformed command-bus fallback event exported before cleanup; not a canonical domain fact for replay"",""actedAt"":""2026-06-03T14:33:47.855Z"",""actorId"":""00000000-0000-0000-0000-000000000010"",""actorName"":""hr.admin@example.com""}"
"outbox","485bad54-8562-4e2d-b8fd-6c58aeaed40e","OPERATOR_SKIPPED","PayrollResultLineExplainPayrollResultLineed","PayrollResultLine","3d5e55c4-c040-47aa-bc9b-c351ad3370bd","","","5","2026-05-25T18:13:12.069Z","{""action"":""SKIP"",""reason"":""Legacy malformed command-bus fallback event exported before cleanup; not a canonical domain fact for replay"",""actedAt"":""2026-06-03T14:33:47.871Z"",""actorId"":""00000000-0000-0000-0000-000000000010"",""actorName"":""hr.admin@example.com""}"
"outbox","dd79c4ba-b7ce-456b-bd0a-ebb78af36d3b","OPERATOR_SKIPPED","PayrollResultLineCalculatePayrollResultLineed","PayrollResultLine","3d5e55c4-c040-47aa-bc9b-c351ad3370bd","","","5","2026-05-25T18:13:12.048Z","{""action"":""SKIP"",""reason"":""Legacy malformed command-bus fallback event exported before cleanup; not a canonical domain fact for replay"",""actedAt"":""2026-06-03T14:33:47.887Z"",""actorId"":""00000000-0000-0000-0000-000000000010"",""actorName"":""hr.admin@example.com""}"
"outbox","9ed45ba7-6ebe-418c-8a4a-ed9f80fd1a49","OPERATOR_SKIPPED","PayrollResultLineLockPayrollResultLineed","PayrollResultLine","a988c7f3-3bbc-4345-8a64-6a057a164fea","","","5","2026-05-25T18:13:12.028Z","{""action"":""SKIP"",""reason"":""Legacy malformed command-bus fallback event exported before cleanup; not a canonical domain fact for replay"",""actedAt"":""2026-06-03T14:33:47.905Z"",""actorId"":""00000000-0000-0000-0000-000000000010"",""actorName"":""hr.admin@example.com""}"
"outbox","aa34e3ae-b5d4-4ebf-8af5-594814430277","OPERATOR_SKIPPED","PayrollResultLineReviewPayrollResultLineed","PayrollResultLine","a988c7f3-3bbc-4345-8a64-6a057a164fea","","","5","2026-05-25T18:13:12.008Z","{""action"":""SKIP"",""reason"":""Legacy malformed command-bus fallback event exported before cleanup; not a canonical domain fact for replay"",""actedAt"":""2026-06-03T14:33:47.926Z"",""actorId"":""00000000-0000-0000-0000-000000000010"",""actorName"":""hr.admin@example.com""}"
"outbox","e9f66369-d90c-4ed2-80f8-63dd587c8d53","OPERATOR_SKIPPED","PayrollResultLineExplainPayrollResultLineed","PayrollResultLine","a988c7f3-3bbc-4345-8a64-6a057a164fea","","","5","2026-05-25T18:13:11.988Z","{""action"":""SKIP"",""reason"":""Legacy malformed command-bus fallback event exported before cleanup; not a canonical domain fact for replay"",""actedAt"":""2026-06-03T14:33:47.946Z"",""actorId"":""00000000-0000-0000-0000-000000000010"",""actorName"":""hr.admin@example.com""}"
"outbox","7184490d-315e-41cb-943d-3decfbd9097e","OPERATOR_SKIPPED","PayrollResultLineCalculatePayrollResultLineed","PayrollResultLine","a988c7f3-3bbc-4345-8a64-6a057a164fea","","","5","2026-05-25T18:13:11.967Z","{""action"":""SKIP"",""reason"":""Legacy malformed command-bus fallback event exported before cleanup; not a canonical domain fact for replay"",""actedAt"":""2026-06-03T14:33:47.963Z"",""actorId"":""00000000-0000-0000-0000-000000000010"",""actorName"":""hr.admin@example.com""}"
"outbox","cfd76123-e3d7-40d5-b36a-e525145da0a0","OPERATOR_SKIPPED","PayrollResultLineLockPayrollResultLineed","PayrollResultLine","94c287bf-5e56-4f67-88bf-ec38041beb1c","","","5","2026-05-25T18:13:11.948Z","{""action"":""SKIP"",""reason"":""Legacy malformed command-bus fallback event exported before cleanup; not a canonical domain fact for replay"",""actedAt"":""2026-06-03T14:33:47.979Z"",""actorId"":""00000000-0000-0000-0000-000000000010"",""actorName"":""hr.admin@example.com""}"
"outbox","72fcc293-835d-4ba4-b9b8-afe31231050a","OPERATOR_SKIPPED","PayrollResultLineReviewPayrollResultLineed","PayrollResultLine","94c287bf-5e56-4f67-88bf-ec38041beb1c","","","5","2026-05-25T18:13:11.928Z","{""action"":""SKIP"",""reason"":""Legacy malformed command-bus fallback event exported before cleanup; not a canonical domain fact for replay"",""actedAt"":""2026-06-03T14:33:47.994Z"",""actorId"":""00000000-0000-0000-0000-000000000010"",""actorName"":""hr.admin@example.com""}"
"outbox","b7ff5438-3ebd-45ae-af69-82ce312257fe","OPERATOR_SKIPPED","PayrollResultLineExplainPayrollResultLineed","PayrollResultLine","94c287bf-5e56-4f67-88bf-ec38041beb1c","","","5","2026-05-25T18:13:11.905Z","{""action"":""SKIP"",""reason"":""Legacy malformed command-bus fallback event exported before cleanup; not a canonical domain fact for replay"",""actedAt"":""2026-06-03T14:33:48.009Z"",""actorId"":""00000000-0000-0000-0000-000000000010"",""actorName"":""hr.admin@example.com""}"
"outbox","fbe60f92-8dfb-489e-96ad-bd83148bc850","OPERATOR_SKIPPED","PayrollResultLineCalculatePayrollResultLineed","PayrollResultLine","94c287bf-5e56-4f67-88bf-ec38041beb1c","","","5","2026-05-25T18:13:11.883Z","{""action"":""SKIP"",""reason"":""Legacy malformed command-bus fallback event exported before cleanup; not a canonical domain fact for replay"",""actedAt"":""2026-06-03T14:33:48.024Z"",""actorId"":""00000000-0000-0000-0000-000000000010"",""actorName"":""hr.admin@example.com""}"
"outbox","6353eb32-2f66-4356-aab1-7394b055a305","OPERATOR_SKIPPED","PayrollResultLineLockPayrollResultLineed","PayrollResultLine","f68b79e9-b3d4-44fa-aeab-bdfe70867539","","","5","2026-05-25T18:13:11.863Z","{""action"":""SKIP"",""reason"":""Legacy malformed command-bus fallback event exported before cleanup; not a canonical domain fact for replay"",""actedAt"":""2026-06-03T14:33:48.040Z"",""actorId"":""00000000-0000-0000-0000-000000000010"",""actorName"":""hr.admin@example.com""}"
"outbox","5f690b8e-e1d1-4c9d-9557-f6e28415c833","OPERATOR_SKIPPED","PayrollResultLineReviewPayrollResultLineed","PayrollResultLine","f68b79e9-b3d4-44fa-aeab-bdfe70867539","","","5","2026-05-25T18:13:11.840Z","{""action"":""SKIP"",""reason"":""Legacy malformed command-bus fallback event exported before cleanup; not a canonical domain fact for replay"",""actedAt"":""2026-06-03T14:33:48.056Z"",""actorId"":""00000000-0000-0000-0000-000000000010"",""actorName"":""hr.admin@example.com""}"
"outbox","4914d2af-a76c-4d7e-927d-def93d2edd8c","OPERATOR_SKIPPED","PayrollResultLineExplainPayrollResultLineed","PayrollResultLine","f68b79e9-b3d4-44fa-aeab-bdfe70867539","","","5","2026-05-25T18:13:11.818Z","{""action"":""SKIP"",""reason"":""Legacy malformed command-bus fallback event exported before cleanup; not a canonical domain fact for replay"",""actedAt"":""2026-06-03T14:33:48.071Z"",""actorId"":""00000000-0000-0000-0000-000000000010"",""actorName"":""hr.admin@example.com""}"
"outbox","273e5771-5460-4fc9-8196-729180865850","OPERATOR_SKIPPED","PayrollResultLineCalculatePayrollResultLineed","PayrollResultLine","f68b79e9-b3d4-44fa-aeab-bdfe70867539","","","5","2026-05-25T18:13:11.797Z","{""action"":""SKIP"",""reason"":""Legacy malformed command-bus fallback event exported before cleanup; not a canonical domain fact for replay"",""actedAt"":""2026-06-03T14:33:48.086Z"",""actorId"":""00000000-0000-0000-0000-000000000010"",""actorName"":""hr.admin@example.com""}"
"outbox","f56808f9-f60e-4502-adfd-bd885cc2be3e","OPERATOR_SKIPPED","PayrollResultLineLockPayrollResultLineed","PayrollResultLine","31183231-9707-4624-b65f-50cf5cb8a77b","","","5","2026-05-25T18:13:11.780Z","{""action"":""SKIP"",""reason"":""Legacy malformed command-bus fallback event exported before cleanup; not a canonical domain fact for replay"",""actedAt"":""2026-06-03T14:33:48.100Z"",""actorId"":""00000000-0000-0000-0000-000000000010"",""actorName"":""hr.admin@example.com""}"
"outbox","4368d58b-91a1-4898-87e3-8a43ee88ac70","OPERATOR_SKIPPED","PayrollResultLineReviewPayrollResultLineed","PayrollResultLine","31183231-9707-4624-b65f-50cf5cb8a77b","","","5","2026-05-25T18:13:11.760Z","{""action"":""SKIP"",""reason"":""Legacy malformed command-bus fallback event exported before cleanup; not a canonical domain fact for replay"",""actedAt"":""2026-06-03T14:33:48.115Z"",""actorId"":""00000000-0000-0000-0000-000000000010"",""actorName"":""hr.admin@example.com""}"
"outbox","56c9be49-0630-45cb-8f44-9d42d4b6a125","OPERATOR_SKIPPED","PayrollResultLineExplainPayrollResultLineed","PayrollResultLine","31183231-9707-4624-b65f-50cf5cb8a77b","","","5","2026-05-25T18:13:11.739Z","{""action"":""SKIP"",""reason"":""Legacy malformed command-bus fallback event exported before cleanup; not a canonical domain fact for replay"",""actedAt"":""2026-06-03T14:33:48.131Z"",""actorId"":""00000000-0000-0000-0000-000000000010"",""actorName"":""hr.admin@example.com""}"
"outbox","1aacf3bc-e73b-4383-b220-2ed2eb099731","OPERATOR_SKIPPED","PayrollResultLineCalculatePayrollResultLineed","PayrollResultLine","31183231-9707-4624-b65f-50cf5cb8a77b","","","5","2026-05-25T18:13:11.720Z","{""action"":""SKIP"",""reason"":""Legacy malformed command-bus fallback event exported before cleanup; not a canonical domain fact for replay"",""actedAt"":""2026-06-03T14:33:48.146Z"",""actorId"":""00000000-0000-0000-0000-000000000010"",""actorName"":""hr.admin@example.com""}"
"outbox","9849951e-e69e-4016-bc88-f2b499605842","OPERATOR_SKIPPED","PayrollResultLineLockPayrollResultLineed","PayrollResultLine","b9278f4f-6546-4675-8d3d-dd7649bf4324","","","5","2026-05-25T18:13:11.702Z","{""action"":""SKIP"",""reason"":""Legacy malformed command-bus fallback event exported before cleanup; not a canonical domain fact for replay"",""actedAt"":""2026-06-03T14:33:48.161Z"",""actorId"":""00000000-0000-0000-0000-000000000010"",""actorName"":""hr.admin@example.com""}"
"outbox","4f089a4f-f0c2-4f48-b048-12998d9c3bae","OPERATOR_SKIPPED","PayrollResultLineReviewPayrollResultLineed","PayrollResultLine","b9278f4f-6546-4675-8d3d-dd7649bf4324","","","5","2026-05-25T18:13:11.681Z","{""action"":""SKIP"",""reason"":""Legacy malformed command-bus fallback event exported before cleanup; not a canonical domain fact for replay"",""actedAt"":""2026-06-03T14:33:48.175Z"",""actorId"":""00000000-0000-0000-0000-000000000010"",""actorName"":""hr.admin@example.com""}"
"outbox","fff6f28a-a573-414b-8f8f-ceea479b1a28","OPERATOR_SKIPPED","PayrollResultLineExplainPayrollResultLineed","PayrollResultLine","b9278f4f-6546-4675-8d3d-dd7649bf4324","","","5","2026-05-25T18:13:11.657Z","{""action"":""SKIP"",""reason"":""Legacy malformed command-bus fallback event exported before cleanup; not a canonical domain fact for replay"",""actedAt"":""2026-06-03T14:33:48.190Z"",""actorId"":""00000000-0000-0000-0000-000000000010"",""actorName"":""hr.admin@example.com""}"
"outbox","a7ffece5-980c-4b76-b649-456d9d99331f","OPERATOR_SKIPPED","PayrollResultLineCalculatePayrollResultLineed","PayrollResultLine","b9278f4f-6546-4675-8d3d-dd7649bf4324","","","5","2026-05-25T18:13:11.636Z","{""action"":""SKIP"",""reason"":""Legacy malformed command-bus fallback event exported before cleanup; not a canonical domain fact for replay"",""actedAt"":""2026-06-03T14:33:48.206Z"",""actorId"":""00000000-0000-0000-0000-000000000010"",""actorName"":""hr.admin@example.com""}"
"outbox","2825f871-137d-4877-91e7-a6a85ae1800d","OPERATOR_SKIPPED","PayrollResultLineLockPayrollResultLineed","PayrollResultLine","804581b2-de8a-4e9b-9c31-65d1535bd737","","","5","2026-05-25T18:13:11.613Z","{""action"":""SKIP"",""reason"":""Legacy malformed command-bus fallback event exported before cleanup; not a canonical domain fact for replay"",""actedAt"":""2026-06-03T14:33:48.221Z"",""actorId"":""00000000-0000-0000-0000-000000000010"",""actorName"":""hr.admin@example.com""}"
"outbox","9cd37ad8-150b-444a-b777-f85a42e2368f","OPERATOR_SKIPPED","PayrollResultLineReviewPayrollResultLineed","PayrollResultLine","804581b2-de8a-4e9b-9c31-65d1535bd737","","","5","2026-05-25T18:13:11.590Z","{""action"":""SKIP"",""reason"":""Legacy malformed command-bus fallback event exported before cleanup; not a canonical domain fact for replay"",""actedAt"":""2026-06-03T14:33:48.237Z"",""actorId"":""00000000-0000-0000-0000-000000000010"",""actorName"":""hr.admin@example.com""}"
"outbox","4c7c4f96-3a0e-4aa1-96e4-b6baaff6d720","OPERATOR_SKIPPED","PayrollResultLineExplainPayrollResultLineed","PayrollResultLine","804581b2-de8a-4e9b-9c31-65d1535bd737","","","5","2026-05-25T18:13:11.561Z","{""action"":""SKIP"",""reason"":""Legacy malformed command-bus fallback event exported before cleanup; not a canonical domain fact for replay"",""actedAt"":""2026-06-03T14:33:48.254Z"",""actorId"":""00000000-0000-0000-0000-000000000010"",""actorName"":""hr.admin@example.com""}"
"outbox","c41a297a-4ae0-4ffc-9126-99d414e22bc1","OPERATOR_SKIPPED","PayrollResultLineCalculatePayrollResultLineed","PayrollResultLine","804581b2-de8a-4e9b-9c31-65d1535bd737","","","5","2026-05-25T18:13:11.534Z","{""action"":""SKIP"",""reason"":""Legacy malformed command-bus fallback event exported before cleanup; not a canonical domain fact for replay"",""actedAt"":""2026-06-03T14:33:48.271Z"",""actorId"":""00000000-0000-0000-0000-000000000010"",""actorName"":""hr.admin@example.com""}"
"outbox","5c32d52c-f4e3-40bc-8f6f-cc4960d26a98","OPERATOR_SKIPPED","PayrollResultLineLockPayrollResultLineed","PayrollResultLine","c7892e73-e21d-492c-ab4a-2be6994aa9f0","","","5","2026-05-25T18:13:11.504Z","{""action"":""SKIP"",""reason"":""Legacy malformed command-bus fallback event exported before cleanup; not a canonical domain fact for replay"",""actedAt"":""2026-06-03T14:33:48.288Z"",""actorId"":""00000000-0000-0000-0000-000000000010"",""actorName"":""hr.admin@example.com""}"
"outbox","3371b3d6-9c45-4dd1-aac4-1410a411bc95","OPERATOR_SKIPPED","PayrollResultLineReviewPayrollResultLineed","PayrollResultLine","c7892e73-e21d-492c-ab4a-2be6994aa9f0","","","5","2026-05-25T18:13:11.477Z","{""action"":""SKIP"",""reason"":""Legacy malformed command-bus fallback event exported before cleanup; not a canonical domain fact for replay"",""actedAt"":""2026-06-03T14:33:48.304Z"",""actorId"":""00000000-0000-0000-0000-000000000010"",""actorName"":""hr.admin@example.com""}"
"outbox","d9eedc69-896f-46c1-8477-62d36193d930","OPERATOR_SKIPPED","PayrollResultLineExplainPayrollResultLineed","PayrollResultLine","c7892e73-e21d-492c-ab4a-2be6994aa9f0","","","5","2026-05-25T18:13:11.448Z","{""action"":""SKIP"",""reason"":""Legacy malformed command-bus fallback event exported before cleanup; not a canonical domain fact for replay"",""actedAt"":""2026-06-03T14:33:48.320Z"",""actorId"":""00000000-0000-0000-0000-000000000010"",""actorName"":""hr.admin@example.com""}"
"outbox","29dd45d8-cf78-4684-8366-d20b8a9c88f6","OPERATOR_SKIPPED","PayrollResultLineCalculatePayrollResultLineed","PayrollResultLine","c7892e73-e21d-492c-ab4a-2be6994aa9f0","","","5","2026-05-25T18:13:11.393Z","{""action"":""SKIP"",""reason"":""Legacy malformed command-bus fallback event exported before cleanup; not a canonical domain fact for replay"",""actedAt"":""2026-06-03T14:33:48.335Z"",""actorId"":""00000000-0000-0000-0000-000000000010"",""actorName"":""hr.admin@example.com""}"
"outbox","b8df13db-ea78-4151-8593-33161569c069","OPERATOR_SKIPPED","PayrollResultLineLockPayrollResultLineed","PayrollResultLine","2ad99c33-88c4-4007-92b0-0687681d3deb","","","5","2026-05-25T18:13:11.364Z","{""action"":""SKIP"",""reason"":""Legacy malformed command-bus fallback event exported before cleanup; not a canonical domain fact for replay"",""actedAt"":""2026-06-03T14:33:48.352Z"",""actorId"":""00000000-0000-0000-0000-000000000010"",""actorName"":""hr.admin@example.com""}"
"outbox","282decb8-a1aa-40b1-95cf-4baa31c9a6a3","OPERATOR_SKIPPED","PayrollResultLineReviewPayrollResultLineed","PayrollResultLine","2ad99c33-88c4-4007-92b0-0687681d3deb","","","5","2026-05-25T18:13:11.325Z","{""action"":""SKIP"",""reason"":""Legacy malformed command-bus fallback event exported before cleanup; not a canonical domain fact for replay"",""actedAt"":""2026-06-03T14:33:48.365Z"",""actorId"":""00000000-0000-0000-0000-000000000010"",""actorName"":""hr.admin@example.com""}"
"outbox","dabfc183-5600-4a81-a3c6-02112e2cca1d","OPERATOR_SKIPPED","PayrollResultLineExplainPayrollResultLineed","PayrollResultLine","2ad99c33-88c4-4007-92b0-0687681d3deb","","","5","2026-05-25T18:13:11.294Z","{""action"":""SKIP"",""reason"":""Legacy malformed command-bus fallback event exported before cleanup; not a canonical domain fact for replay"",""actedAt"":""2026-06-03T14:33:48.380Z"",""actorId"":""00000000-0000-0000-0000-000000000010"",""actorName"":""hr.admin@example.com""}"
"outbox","af3b8147-756c-4d90-8ec0-28becb62e097","OPERATOR_SKIPPED","PayrollResultLineCalculatePayrollResultLineed","PayrollResultLine","2ad99c33-88c4-4007-92b0-0687681d3deb","","","5","2026-05-25T18:13:11.271Z","{""action"":""SKIP"",""reason"":""Legacy malformed command-bus fallback event exported before cleanup; not a canonical domain fact for replay"",""actedAt"":""2026-06-03T14:33:48.396Z"",""actorId"":""00000000-0000-0000-0000-000000000010"",""actorName"":""hr.admin@example.com""}"
"outbox","39fbd0c3-f423-40ad-913b-2c47c28f4232","OPERATOR_SKIPPED","PayrollResultLineLockPayrollResultLineed","PayrollResultLine","8f5c3938-702c-4892-8b90-2f4531661d17","","","5","2026-05-25T18:13:11.250Z","{""action"":""SKIP"",""reason"":""Legacy malformed command-bus fallback event exported before cleanup; not a canonical domain fact for replay"",""actedAt"":""2026-06-03T14:33:48.414Z"",""actorId"":""00000000-0000-0000-0000-000000000010"",""actorName"":""hr.admin@example.com""}"
"outbox","60dbb8a6-213a-4182-b6cc-2ad28169f42d","OPERATOR_SKIPPED","PayrollResultLineReviewPayrollResultLineed","PayrollResultLine","8f5c3938-702c-4892-8b90-2f4531661d17","","","5","2026-05-25T18:13:11.225Z","{""action"":""SKIP"",""reason"":""Legacy malformed command-bus fallback event exported before cleanup; not a canonical domain fact for replay"",""actedAt"":""2026-06-03T14:33:48.430Z"",""actorId"":""00000000-0000-0000-0000-000000000010"",""actorName"":""hr.admin@example.com""}"
"outbox","810b0a63-8230-48c2-96e4-f765e4bd781d","OPERATOR_SKIPPED","PayrollResultLineExplainPayrollResultLineed","PayrollResultLine","8f5c3938-702c-4892-8b90-2f4531661d17","","","5","2026-05-25T18:13:11.199Z","{""action"":""SKIP"",""reason"":""Legacy malformed command-bus fallback event exported before cleanup; not a canonical domain fact for replay"",""actedAt"":""2026-06-03T14:33:48.444Z"",""actorId"":""00000000-0000-0000-0000-000000000010"",""actorName"":""hr.admin@example.com""}"
"outbox","91a38b3b-5f6f-406f-940a-253b37cf3535","OPERATOR_SKIPPED","PayrollResultLineCalculatePayrollResultLineed","PayrollResultLine","8f5c3938-702c-4892-8b90-2f4531661d17","","","5","2026-05-25T18:13:11.168Z","{""action"":""SKIP"",""reason"":""Legacy malformed command-bus fallback event exported before cleanup; not a canonical domain fact for replay"",""actedAt"":""2026-06-03T14:33:48.457Z"",""actorId"":""00000000-0000-0000-0000-000000000010"",""actorName"":""hr.admin@example.com""}"
"outbox","e23b10b4-5fbf-44cd-8665-b6b962f22b9b","OPERATOR_SKIPPED","PayrollResultLineLockPayrollResultLineed","PayrollResultLine","ed14683e-2c5d-4095-b5be-0f47f0b2a723","","","5","2026-05-25T18:13:11.141Z","{""action"":""SKIP"",""reason"":""Legacy malformed command-bus fallback event exported before cleanup; not a canonical domain fact for replay"",""actedAt"":""2026-06-03T14:33:48.470Z"",""actorId"":""00000000-0000-0000-0000-000000000010"",""actorName"":""hr.admin@example.com""}"
"outbox","c96eead1-7071-4cb6-8039-995cfc5f812c","OPERATOR_SKIPPED","PayrollResultLineReviewPayrollResultLineed","PayrollResultLine","ed14683e-2c5d-4095-b5be-0f47f0b2a723","","","5","2026-05-25T18:13:11.112Z","{""action"":""SKIP"",""reason"":""Legacy malformed command-bus fallback event exported before cleanup; not a canonical domain fact for replay"",""actedAt"":""2026-06-03T14:33:48.485Z"",""actorId"":""00000000-0000-0000-0000-000000000010"",""actorName"":""hr.admin@example.com""}"
"outbox","46718ca8-8679-4932-8c30-b7a9075d9e4a","OPERATOR_SKIPPED","PayrollResultLineExplainPayrollResultLineed","PayrollResultLine","ed14683e-2c5d-4095-b5be-0f47f0b2a723","","","5","2026-05-25T18:13:11.081Z","{""action"":""SKIP"",""reason"":""Legacy malformed command-bus fallback event exported before cleanup; not a canonical domain fact for replay"",""actedAt"":""2026-06-03T14:33:48.499Z"",""actorId"":""00000000-0000-0000-0000-000000000010"",""actorName"":""hr.admin@example.com""}"
"outbox","c150e8d3-a250-4150-8087-87bd1f772226","OPERATOR_SKIPPED","PayrollResultLineCalculatePayrollResultLineed","PayrollResultLine","ed14683e-2c5d-4095-b5be-0f47f0b2a723","","","5","2026-05-25T18:13:11.053Z","{""action"":""SKIP"",""reason"":""Legacy malformed command-bus fallback event exported before cleanup; not a canonical domain fact for replay"",""actedAt"":""2026-06-03T14:33:48.514Z"",""actorId"":""00000000-0000-0000-0000-000000000010"",""actorName"":""hr.admin@example.com""}"
"outbox","1bb8113f-8422-4b52-8be3-e35df6d46cdd","OPERATOR_SKIPPED","PayrollResultLineLockPayrollResultLineed","PayrollResultLine","be99879a-42e9-4daa-929f-086e9ac4ae86","","","5","2026-05-25T18:13:11.027Z","{""action"":""SKIP"",""reason"":""Legacy malformed command-bus fallback event exported before cleanup; not a canonical domain fact for replay"",""actedAt"":""2026-06-03T14:33:48.528Z"",""actorId"":""00000000-0000-0000-0000-000000000010"",""actorName"":""hr.admin@example.com""}"
"outbox","e55e7f5b-99c0-4cf9-b077-b16a0d97eb94","OPERATOR_SKIPPED","PayrollResultLineReviewPayrollResultLineed","PayrollResultLine","be99879a-42e9-4daa-929f-086e9ac4ae86","","","5","2026-05-25T18:13:10.996Z","{""action"":""SKIP"",""reason"":""Legacy malformed command-bus fallback event exported before cleanup; not a canonical domain fact for replay"",""actedAt"":""2026-06-03T14:33:48.544Z"",""actorId"":""00000000-0000-0000-0000-000000000010"",""actorName"":""hr.admin@example.com""}"
"outbox","732b41b0-1e92-4208-abb4-f6bdb48dbe13","OPERATOR_SKIPPED","PayrollResultLineExplainPayrollResultLineed","PayrollResultLine","be99879a-42e9-4daa-929f-086e9ac4ae86","","","5","2026-05-25T18:13:10.964Z","{""action"":""SKIP"",""reason"":""Legacy malformed command-bus fallback event exported before cleanup; not a canonical domain fact for replay"",""actedAt"":""2026-06-03T14:33:48.557Z"",""actorId"":""00000000-0000-0000-0000-000000000010"",""actorName"":""hr.admin@example.com""}"
"outbox","4de06b08-15ec-489e-b86c-bd89722f6f7e","OPERATOR_SKIPPED","PayrollResultLineCalculatePayrollResultLineed","PayrollResultLine","be99879a-42e9-4daa-929f-086e9ac4ae86","","","5","2026-05-25T18:13:10.928Z","{""action"":""SKIP"",""reason"":""Legacy malformed command-bus fallback event exported before cleanup; not a canonical domain fact for replay"",""actedAt"":""2026-06-03T14:33:48.570Z"",""actorId"":""00000000-0000-0000-0000-000000000010"",""actorName"":""hr.admin@example.com""}"
"outbox","0e9e46f2-b166-4768-9781-f1e00668a3d5","OPERATOR_SKIPPED","PayrollCalculationRunStartPayrollCalculationRuned","PayrollCalculationRun","6bce1f4f-42c0-42c1-bf09-16bae2e9d137","","","5","2026-05-25T18:13:10.894Z","{""action"":""SKIP"",""reason"":""Legacy malformed command-bus fallback event exported before cleanup; not a canonical domain fact for replay"",""actedAt"":""2026-06-03T14:33:48.584Z"",""actorId"":""00000000-0000-0000-0000-000000000010"",""actorName"":""hr.admin@example.com""}"
"outbox","f25fb64e-dab4-4d93-ad20-a14f44944aaf","OPERATOR_SKIPPED","PayrollCycleStartPayrollCalculationed","PayrollCycle","39e3c323-24ef-4db0-a9a5-de5616720c52","","","5","2026-05-25T18:13:10.860Z","{""action"":""SKIP"",""reason"":""Legacy malformed command-bus fallback event exported before cleanup; not a canonical domain fact for replay"",""actedAt"":""2026-06-03T14:33:48.601Z"",""actorId"":""00000000-0000-0000-0000-000000000010"",""actorName"":""hr.admin@example.com""}"
"outbox","bbb68d65-be3e-4633-a02b-dc418f51b6a4","OPERATOR_SKIPPED","PayrollCycleStartPayrollValidationed","PayrollCycle","39e3c323-24ef-4db0-a9a5-de5616720c52","","","5","2026-05-25T18:13:10.831Z","{""action"":""SKIP"",""reason"":""Legacy malformed command-bus fallback event exported before cleanup; not a canonical domain fact for replay"",""actedAt"":""2026-06-03T14:33:48.615Z"",""actorId"":""00000000-0000-0000-0000-000000000010"",""actorName"":""hr.admin@example.com""}"
"outbox","d2d083c0-9b5b-4fe4-b070-9880884713d8","OPERATOR_SKIPPED","PayrollCycleStartPayrollInputCollectioned","PayrollCycle","39e3c323-24ef-4db0-a9a5-de5616720c52","","","5","2026-05-25T18:13:10.800Z","{""action"":""SKIP"",""reason"":""Legacy malformed command-bus fallback event exported before cleanup; not a canonical domain fact for replay"",""actedAt"":""2026-06-03T14:33:48.628Z"",""actorId"":""00000000-0000-0000-0000-000000000010"",""actorName"":""hr.admin@example.com""}"
"outbox","01e55151-3641-4028-833b-66d9bb6d9412","OPERATOR_SKIPPED","PayrollCycleOpenPayrollCycleed","PayrollCycle","39e3c323-24ef-4db0-a9a5-de5616720c52","","","5","2026-05-25T18:13:10.771Z","{""action"":""SKIP"",""reason"":""Legacy malformed command-bus fallback event exported before cleanup; not a canonical domain fact for replay"",""actedAt"":""2026-06-03T14:33:48.640Z"",""actorId"":""00000000-0000-0000-0000-000000000010"",""actorName"":""hr.admin@example.com""}"
"outbox","2ee1d055-36d5-4054-89b6-03f447ab5a6c","OPERATOR_SKIPPED","PayrollCycleCreatePayrollCycleed","PayrollCycle","39e3c323-24ef-4db0-a9a5-de5616720c52","","","5","2026-05-25T18:13:10.736Z","{""action"":""SKIP"",""reason"":""Legacy malformed command-bus fallback event exported before cleanup; not a canonical domain fact for replay"",""actedAt"":""2026-06-03T14:33:48.655Z"",""actorId"":""00000000-0000-0000-0000-000000000010"",""actorName"":""hr.admin@example.com""}"
"outbox","b762ee00-f95e-466b-bbac-afa55f94588c","OPERATOR_SKIPPED","TimeClockEventRecordTimeClockEvented","TimeClockEvent","5b267917-0763-4ed8-8c12-1ac416445bb6","","","5","2026-05-25T18:10:49.839Z","{""action"":""SKIP"",""reason"":""Legacy malformed command-bus fallback event exported before cleanup; not a canonical domain fact for replay"",""actedAt"":""2026-06-03T14:33:48.668Z"",""actorId"":""00000000-0000-0000-0000-000000000010"",""actorName"":""hr.admin@example.com""}"
"outbox","c45dccb2-1983-4cf2-baaf-7e106a98081c","OPERATOR_SKIPPED","TimeClockEventRecordTimeClockEvented","TimeClockEvent","59f94d8b-5404-4fa6-9707-f7de53de62d0","","","5","2026-05-25T18:10:49.258Z","{""action"":""SKIP"",""reason"":""Legacy malformed command-bus fallback event exported before cleanup; not a canonical domain fact for replay"",""actedAt"":""2026-06-03T14:33:48.681Z"",""actorId"":""00000000-0000-0000-0000-000000000010"",""actorName"":""hr.admin@example.com""}"
"outbox","a47b04c7-21c9-499b-8fd7-ad7d9c64d56d","OPERATOR_SKIPPED","TimeClockEventRecordTimeClockEvented","TimeClockEvent","9fbe1e7f-6e09-4899-8df5-35281fd1f011","","","5","2026-05-25T18:10:48.812Z","{""action"":""SKIP"",""reason"":""Legacy malformed command-bus fallback event exported before cleanup; not a canonical domain fact for replay"",""actedAt"":""2026-06-03T14:33:48.697Z"",""actorId"":""00000000-0000-0000-0000-000000000010"",""actorName"":""hr.admin@example.com""}"
"outbox","93c197b9-c62f-4210-86b7-1e13ed11411b","OPERATOR_SKIPPED","TimeClockEventRecordTimeClockEvented","TimeClockEvent","1b67a364-cfb5-456a-be98-4334e3c9c8c4","","","5","2026-05-25T18:10:46.205Z","{""action"":""SKIP"",""reason"":""Legacy malformed command-bus fallback event exported before cleanup; not a canonical domain fact for replay"",""actedAt"":""2026-06-03T14:33:48.712Z"",""actorId"":""00000000-0000-0000-0000-000000000010"",""actorName"":""hr.admin@example.com""}"
"outbox","e5af25a2-529b-4066-93ed-44731fc94d0c","OPERATOR_SKIPPED","TimeClockEventRecordTimeClockEvented","TimeClockEvent","25e72b83-de04-4d03-b5ec-abeca830bf4b","","","5","2026-05-25T18:10:37.484Z","{""action"":""SKIP"",""reason"":""Legacy malformed command-bus fallback event exported before cleanup; not a canonical domain fact for replay"",""actedAt"":""2026-06-03T14:33:48.725Z"",""actorId"":""00000000-0000-0000-0000-000000000010"",""actorName"":""hr.admin@example.com""}"
"outbox","0de09e5e-a173-4c66-a71f-10f3a6c61f17","OPERATOR_SKIPPED","PayrollCycleClosePayrollCycleed","PayrollCycle","3071c805-3d5d-40fd-93e1-e7e496ce4d77","","","5","2026-05-25T18:09:28.448Z","{""action"":""SKIP"",""reason"":""Legacy malformed command-bus fallback event exported before cleanup; not a canonical domain fact for replay"",""actedAt"":""2026-06-03T14:33:48.740Z"",""actorId"":""00000000-0000-0000-0000-000000000010"",""actorName"":""hr.admin@example.com""}"
"outbox","7fc9dac6-b22a-4406-9a7a-1cdef85cc5ce","OPERATOR_SKIPPED","PayrollCycleApprovePayrollCycleed","PayrollCycle","3071c805-3d5d-40fd-93e1-e7e496ce4d77","","","5","2026-05-25T18:09:28.224Z","{""action"":""SKIP"",""reason"":""Legacy malformed command-bus fallback event exported before cleanup; not a canonical domain fact for replay"",""actedAt"":""2026-06-03T14:33:48.754Z"",""actorId"":""00000000-0000-0000-0000-000000000010"",""actorName"":""hr.admin@example.com""}"
"outbox","e59f1dd2-71ce-41d9-b323-77f5e32f9696","OPERATOR_SKIPPED","PayrollCycleStartPayrollReviewed","PayrollCycle","3071c805-3d5d-40fd-93e1-e7e496ce4d77","","","5","2026-05-25T18:09:27.997Z","{""action"":""SKIP"",""reason"":""Legacy malformed command-bus fallback event exported before cleanup; not a canonical domain fact for replay"",""actedAt"":""2026-06-03T14:33:48.768Z"",""actorId"":""00000000-0000-0000-0000-000000000010"",""actorName"":""hr.admin@example.com""}"
"outbox","5097cd27-9168-4106-bb6f-e51e6de649ea","OPERATOR_SKIPPED","PayrollCalculationRunFinalizePayrollCalculationRuned","PayrollCalculationRun","a0306edf-b7f1-4ea7-b25d-cd44a74f12f6","","","5","2026-05-25T18:09:27.979Z","{""action"":""SKIP"",""reason"":""Legacy malformed command-bus fallback event exported before cleanup; not a canonical domain fact for replay"",""actedAt"":""2026-06-03T14:33:48.781Z"",""actorId"":""00000000-0000-0000-0000-000000000010"",""actorName"":""hr.admin@example.com""}"
"outbox","2495d419-9140-4910-82a7-bbf48568004b","OPERATOR_SKIPPED","PayrollCalculationRunValidatePayrollCalculationRuned","PayrollCalculationRun","a0306edf-b7f1-4ea7-b25d-cd44a74f12f6","","","5","2026-05-25T18:09:27.958Z","{""action"":""SKIP"",""reason"":""Legacy malformed command-bus fallback event exported before cleanup; not a canonical domain fact for replay"",""actedAt"":""2026-06-03T14:33:48.795Z"",""actorId"":""00000000-0000-0000-0000-000000000010"",""actorName"":""hr.admin@example.com""}"
"outbox","b69a6964-2468-4258-8370-8925f5dc6ede","OPERATOR_SKIPPED","PayrollResultLineLockPayrollResultLineed","PayrollResultLine","fba30277-4029-4c1f-b2f6-ea6aae486c1d","","","5","2026-05-25T18:09:27.935Z","{""action"":""SKIP"",""reason"":""Legacy malformed command-bus fallback event exported before cleanup; not a canonical domain fact for replay"",""actedAt"":""2026-06-03T14:33:48.808Z"",""actorId"":""00000000-0000-0000-0000-000000000010"",""actorName"":""hr.admin@example.com""}"
"outbox","75efb998-a3dc-4562-b668-1577513a049d","OPERATOR_SKIPPED","PayrollResultLineReviewPayrollResultLineed","PayrollResultLine","fba30277-4029-4c1f-b2f6-ea6aae486c1d","","","5","2026-05-25T18:09:27.916Z","{""action"":""SKIP"",""reason"":""Legacy malformed command-bus fallback event exported before cleanup; not a canonical domain fact for replay"",""actedAt"":""2026-06-03T14:33:48.820Z"",""actorId"":""00000000-0000-0000-0000-000000000010"",""actorName"":""hr.admin@example.com""}"
"outbox","bc68d80d-c677-4ebb-91ef-eae6136c001d","OPERATOR_SKIPPED","PayrollResultLineExplainPayrollResultLineed","PayrollResultLine","fba30277-4029-4c1f-b2f6-ea6aae486c1d","","","5","2026-05-25T18:09:27.896Z","{""action"":""SKIP"",""reason"":""Legacy malformed command-bus fallback event exported before cleanup; not a canonical domain fact for replay"",""actedAt"":""2026-06-03T14:33:48.835Z"",""actorId"":""00000000-0000-0000-0000-000000000010"",""actorName"":""hr.admin@example.com""}"
"outbox","7c8d0789-46d4-4832-8177-918539cba775","OPERATOR_SKIPPED","PayrollResultLineCalculatePayrollResultLineed","PayrollResultLine","fba30277-4029-4c1f-b2f6-ea6aae486c1d","","","5","2026-05-25T18:09:27.876Z","{""action"":""SKIP"",""reason"":""Legacy malformed command-bus fallback event exported before cleanup; not a canonical domain fact for replay"",""actedAt"":""2026-06-03T14:33:48.849Z"",""actorId"":""00000000-0000-0000-0000-000000000010"",""actorName"":""hr.admin@example.com""}"